Date,Adj Close,Close,Dividends,High,Low,Open,Stock Splits,Volume
2023-01-03,910.6043090820312,911.0,0.0,923.0,903.0,913.0,0.0,449286.0
2023-01-04,915.6021728515624,916.0,0.0,918.0,909.0,917.0,0.0,400812.0
2023-01-05,906.6376953125,907.0,3.2,916.0,907.0,914.0,0.0,211380.0
2023-01-06,913.6348876953124,914.0,0.0,916.5,904.0,904.0,0.0,396345.0
2023-01-09,925.6300659179688,926.0,0.0,926.0,911.0,918.0,0.0,720918.0
2023-01-10,923.6309204101562,924.0,0.0,924.0,914.0,920.0,0.0,500615.0
2023-01-11,932.627197265625,933.0,0.0,934.5,921.0,932.0,0.0,506015.0
2023-01-12,943.6229248046876,944.0,0.0,945.7230224609376,927.3569946289062,936.0,0.0,982856.0
2023-01-13,945.6221923828124,946.0,0.0,946.0800170898438,935.47998046875,946.0,0.0,646664.0
2023-01-16,944.6226196289062,945.0,0.0,952.0,940.1690063476562,947.0,0.0,571381.0
2023-01-17,934.62646484375,935.0,0.0,951.0,935.0,951.0,0.0,563389.0
2023-01-18,931.627685546875,932.0,0.0,941.489990234375,930.9660034179688,935.0,0.0,446560.0
2023-01-19,919.6325073242188,920.0,0.0,933.0,919.0,933.0,0.0,449037.0
2023-01-20,929.6286010742188,930.0,0.0,930.0,920.0,930.0,0.0,565577.0
2023-01-23,944.6226196289062,945.0,0.0,945.0,928.0,935.0,0.0,514713.0
2023-01-24,947.6212768554688,948.0,0.0,951.3909912109376,936.0,945.0,0.0,438243.0
2023-01-25,943.6229248046876,944.0,0.0,949.0,936.0,949.0,0.0,333653.0
2023-01-26,947.6212768554688,948.0,0.0,954.0,942.0,954.0,0.0,417436.0
2023-01-27,953.6188354492188,954.0,0.0,956.0,943.0,952.0,0.0,325931.0
2023-01-30,948.6209106445312,949.0,0.0,955.0,943.0,955.0,0.0,316954.0
2023-01-31,952.619384765625,953.0,0.0,953.0,940.0,952.0,0.0,399709.0
2023-02-01,953.6188354492188,954.0,0.0,958.0,949.0,949.0,0.0,420687.0
2023-02-02,982.607421875,983.0,0.0,983.0,960.4000244140624,964.0,0.0,1033238.0
2023-02-03,991.603759765625,992.0,0.0,992.0,973.0,982.0,0.0,673536.0
2023-02-06,977.6092529296876,978.0,0.0,986.0,971.0,986.0,0.0,482118.0
2023-02-07,971.6117553710938,972.0,0.0,982.0,972.0,978.0,0.0,433763.0
2023-02-08,972.6113891601562,973.0,0.0,984.0,973.0,976.0,0.0,488081.0
2023-02-09,971.6117553710938,972.0,0.0,981.0,972.0,975.0,0.0,316896.0
2023-02-10,963.6148681640624,964.0,0.0,971.0,959.0,971.0,0.0,494462.0
2023-02-13,971.6117553710938,972.0,0.0,973.0,960.0,960.0,0.0,322672.0
2023-02-14,962.6152954101562,963.0,0.0,976.0,963.0,970.0,0.0,408353.0
2023-02-15,979.6085205078124,980.0,0.0,982.0,965.0,972.0,0.0,340086.0
2023-02-16,976.6097412109376,977.0,0.0,989.0,972.0,989.0,0.0,441388.0
2023-02-17,962.6152954101562,963.0,0.0,979.0,963.0,979.0,0.0,561975.0
2023-02-20,964.614501953125,965.0,0.0,971.3499755859376,963.0,963.0,0.0,324353.0
2023-02-21,944.6226196289062,945.0,0.0,969.0,945.0,966.0,0.0,350902.0
2023-02-22,943.6229248046876,944.0,0.0,948.0,938.0,944.0,0.0,497709.0
2023-02-23,946.6216430664062,947.0,0.0,954.0,942.0,950.0,0.0,283048.0
2023-02-24,943.6229248046876,944.0,0.0,953.0,944.0,950.0,0.0,415814.0
2023-02-27,947.6212768554688,948.0,0.0,956.0,943.0,955.0,0.0,380735.0
2023-02-28,938.6248779296876,939.0,0.0,951.0,937.4210205078124,951.0,0.0,427715.0
2023-03-01,940.6241455078124,941.0,0.0,952.47998046875,939.0,939.0,0.0,280863.0
2023-03-02,945.6221923828124,946.0,0.0,950.4000244140624,941.0,941.0,0.0,218423.0
2023-03-03,954.6185302734376,955.0,0.0,957.0,944.0,951.0,0.0,285966.0
2023-03-06,966.61376953125,967.0,0.0,971.0,953.0,960.0,0.0,893576.0
2023-03-07,962.6152954101562,963.0,0.0,971.0,960.5009765625,964.0,0.0,349273.0
2023-03-08,965.6140747070312,966.0,0.0,970.0,958.0,968.0,0.0,434016.0
2023-03-09,959.616455078125,960.0,0.0,965.0,954.2990112304688,965.0,0.0,364467.0
2023-03-10,933.6270141601562,934.0,0.0,953.0,924.7360229492188,953.0,0.0,684019.0
2023-03-13,916.6336059570312,917.0,0.0,940.0,908.5,940.0,0.0,772906.0
2023-03-14,932.627197265625,933.0,0.0,933.0,907.0,923.0,0.0,629789.0
2023-03-15,905.6380615234376,906.0,0.0,932.0,903.0,932.0,0.0,833647.0
2023-03-16,917.6332397460938,918.0,0.0,923.85498046875,899.469970703125,905.0,0.0,609237.0
2023-03-17,909.6365356445312,910.0,0.0,933.0,903.0,933.0,0.0,878180.0
2023-03-20,908.636962890625,909.0,0.0,912.47998046875,888.0,905.0,0.0,539305.0
2023-03-21,920.632080078125,921.0,0.0,921.0,904.0,905.0,0.0,479572.0
2023-03-22,914.6344604492188,915.0,0.0,921.260009765625,908.0,908.0,0.0,507463.0
2023-03-23,909.6365356445312,910.0,0.0,916.0,903.3590087890624,916.0,0.0,553428.0
2023-03-24,898.6409301757812,899.0,0.0,911.0,890.0,896.0,0.0,561454.0
2023-03-27,906.6376953125,907.0,0.0,914.0,900.4879760742188,907.0,0.0,467878.0
2023-03-28,895.6421508789062,896.0,0.0,913.47998046875,893.6740112304688,901.0,0.0,678475.0
2023-03-29,900.6399536132812,901.0,0.0,908.0,900.0,907.0,0.0,446625.0
2023-03-30,907.6372680664062,908.0,0.0,918.0,902.0,918.0,0.0,486742.0
2023-03-31,909.6365356445312,910.0,0.0,919.0,903.0,917.0,0.0,488957.0
2023-04-03,901.6397705078124,902.0,0.0,920.0,902.0,909.0,0.0,755663.0
2023-04-04,897.641357421875,898.0,0.0,914.0,893.0,903.0,0.0,798686.0
2023-04-05,888.6448974609375,889.0,0.0,906.0,889.0,906.0,0.0,580202.0
2023-04-06,889.6834716796875,890.0,7.8,895.0,883.0,887.0,0.0,748430.0
2023-04-11,895.7205810546875,896.0,0.0,909.0,894.780029296875,898.0,0.0,552274.0
2023-04-12,901.7188110351562,902.0,0.0,916.0,895.0,909.0,0.0,489675.0
2023-04-13,908.716552734375,909.0,0.0,909.0,899.302001953125,903.0,0.0,592650.0
2023-04-14,911.7156372070312,912.0,0.0,919.0,909.0,919.0,0.0,369903.0
2023-04-17,908.716552734375,909.0,0.0,922.0989990234376,909.0,918.0,0.0,334401.0
2023-04-18,901.7188110351562,902.0,0.0,915.0,902.0,911.0,0.0,311692.0
2023-04-19,900.718994140625,901.0,0.0,907.02001953125,897.8909912109375,906.0,0.0,393287.0
2023-04-20,902.7183837890624,903.0,0.0,909.0,899.0,906.0,0.0,261548.0
2023-04-21,906.7171630859376,907.0,0.0,910.0,896.5029907226562,910.0,0.0,386028.0
2023-04-24,901.7188110351562,902.0,0.0,909.885986328125,902.0,909.0,0.0,277744.0
2023-04-25,897.719970703125,898.0,0.0,904.0,897.0,904.0,0.0,304336.0
2023-04-26,897.719970703125,898.0,0.0,913.0,888.1599731445312,913.0,0.0,390187.0
2023-04-27,895.7205810546875,896.0,0.0,902.6530151367188,891.0,891.0,0.0,216710.0
2023-04-28,893.7212524414062,894.0,0.0,905.0,894.0,903.0,0.0,363912.0
2023-05-02,885.7236938476562,886.0,0.0,905.0,886.0,903.0,0.0,378888.0
2023-05-03,900.718994140625,901.0,0.0,902.0,883.0,883.0,0.0,357001.0
2023-05-04,888.7227783203125,889.0,0.0,894.0,881.0,885.0,0.0,319442.0
2023-05-05,894.7208862304688,895.0,0.0,897.0,883.0999755859375,890.0,0.0,260883.0
2023-05-09,885.7236938476562,886.0,0.0,897.0,886.0,892.0,0.0,401423.0
2023-05-10,886.7234497070312,887.0,0.0,895.0,881.5599975585938,892.0,0.0,252516.0
2023-05-11,894.7208862304688,895.0,0.0,896.0,887.0,892.0,0.0,318643.0
2023-05-12,896.7203979492188,897.0,0.0,906.0,891.5,899.0,0.0,457353.0
2023-05-15,900.718994140625,901.0,0.0,906.948974609375,893.0,902.0,0.0,265950.0
2023-05-16,894.7208862304688,895.0,0.0,903.0,894.0,901.0,0.0,449568.0
2023-05-17,893.7212524414062,894.0,0.0,899.0,891.0,893.0,0.0,262780.0
2023-05-18,904.7177734375,905.0,0.0,906.0,898.0,898.0,0.0,303680.0
2023-05-19,902.7183837890624,903.0,0.0,910.0,897.0,897.0,0.0,363965.0
2023-05-22,895.7205810546875,896.0,0.0,913.0,896.0,913.0,0.0,663900.0
2023-05-23,884.7240600585938,885.0,0.0,900.0,884.4609985351562,900.0,0.0,1312693.0
2023-05-24,872.7277221679688,873.0,0.0,882.5,871.0,880.0,0.0,809006.0
2023-05-25,881.7250366210938,882.0,0.0,883.0,872.75,876.0,0.0,594319.0
2023-05-26,894.7208862304688,895.0,0.0,896.4990234375,880.0,886.0,0.0,449128.0
2023-05-30,893.7212524414062,894.0,0.0,895.0,889.0180053710938,895.0,0.0,522618.0
2023-05-31,885.7236938476562,886.0,0.0,898.9569702148438,883.0,894.0,0.0,376196.0
2023-06-01,894.7208862304688,895.0,0.0,895.0,878.0,882.0,0.0,466022.0
2023-06-02,905.7174072265624,906.0,0.0,907.0,888.0,894.0,0.0,551850.0
2023-06-05,906.7171630859376,907.0,0.0,913.0,902.0,908.0,0.0,454673.0
2023-06-06,910.7160034179688,911.0,0.0,911.0,898.0,905.0,0.0,499815.0
2023-06-07,907.7169189453124,908.0,0.0,911.0,904.0,911.0,0.0,376122.0
2023-06-08,902.7183837890624,903.0,0.0,908.0,899.4149780273438,905.0,0.0,452202.0
2023-06-09,895.7205810546875,896.0,0.0,908.0,896.0,908.0,0.0,333051.0
2023-06-12,895.7205810546875,896.0,0.0,907.0,895.0,907.0,0.0,364075.0
2023-06-13,896.7203979492188,897.0,0.0,905.0,895.0,905.0,0.0,448391.0
2023-06-14,895.7205810546875,896.0,0.0,902.0,891.3499755859375,902.0,0.0,257584.0
2023-06-15,892.7215576171875,893.0,0.0,898.0,886.4199829101562,898.0,0.0,327993.0
2023-06-16,890.7222290039062,891.0,0.0,897.0,887.0,890.0,0.0,796779.0
2023-06-19,882.7246704101562,883.0,0.0,887.1389770507812,882.0,885.0,0.0,189409.0
2023-06-20,879.7255859375,880.0,0.0,888.0,880.0,884.0,0.0,204051.0
2023-06-21,876.7266235351562,877.0,0.0,880.0,872.0,877.0,0.0,318179.0
2023-06-22,872.7277221679688,873.0,0.0,875.0,865.0,871.0,0.0,426342.0
2023-06-23,861.731201171875,862.0,0.0,870.0,860.0,870.0,0.0,419421.0
2023-06-26,857.7324829101562,858.0,0.0,867.0,852.0,864.0,0.0,388082.0
2023-06-27,854.7334594726562,855.0,0.0,862.0,850.760986328125,858.0,0.0,385782.0
2023-06-28,871.7280883789062,872.0,0.0,872.0,857.2349853515625,862.0,0.0,422979.0
2023-06-29,864.7640991210938,865.0,3.4,869.0,861.2969970703125,869.0,0.0,1115982.0
2023-06-30,869.7626953125,870.0,0.0,871.0,865.0,868.0,0.0,315181.0
2023-07-03,873.7615356445312,874.0,0.0,878.0,872.239990234375,874.0,0.0,277815.0
2023-07-04,873.7615356445312,874.0,0.0,879.0,872.0,877.0,0.0,241805.0
2023-07-05,867.7631225585938,868.0,0.0,876.0,868.0,876.0,0.0,404655.0
2023-07-06,847.7687377929688,848.0,0.0,865.0,844.0,865.0,0.0,601620.0
2023-07-07,844.7693481445312,845.0,0.0,850.0,841.0,849.0,0.0,409773.0
2023-07-10,846.7688598632812,847.0,0.0,852.8460083007812,840.25,842.0,0.0,372519.0
2023-07-11,846.7688598632812,847.0,0.0,851.0,840.47998046875,847.0,0.0,437118.0
2023-07-12,861.7647705078125,862.0,0.0,862.1209716796875,844.0,849.0,0.0,448412.0
2023-07-13,861.7647705078125,862.0,0.0,863.0,853.5599975585938,857.0,0.0,238460.0
2023-07-14,866.763427734375,867.0,0.0,869.47998046875,861.0,867.0,0.0,282596.0
2023-07-17,866.763427734375,867.0,0.0,869.0,860.2230224609375,862.0,0.0,358977.0
2023-07-18,868.7628784179688,869.0,0.0,869.0,859.47802734375,869.0,0.0,367207.0
2023-07-19,893.756103515625,894.0,0.0,896.0,875.802001953125,879.0,0.0,334514.0
2023-07-20,889.7571411132812,890.0,0.0,895.0,885.541015625,895.0,0.0,393288.0
2023-07-21,892.75634765625,893.0,0.0,895.0,887.0,891.0,0.0,357391.0
2023-07-24,894.7557983398438,895.0,0.0,895.0,886.0,891.0,0.0,201684.0
2023-07-25,887.7577514648438,888.0,0.0,892.0,882.0,890.0,0.0,205439.0
2023-07-26,884.758544921875,885.0,0.0,894.0,878.52001953125,894.0,0.0,273018.0
2023-07-27,892.75634765625,893.0,0.0,899.0,883.0,889.0,0.0,359944.0
2023-07-28,889.7571411132812,890.0,0.0,894.0,885.5800170898438,894.0,0.0,246675.0
2023-07-31,892.75634765625,893.0,0.0,893.0,884.0,890.0,0.0,462818.0
2023-08-01,887.7577514648438,888.0,0.0,895.0,882.2990112304688,895.0,0.0,359296.0
2023-08-02,878.7601318359375,879.0,0.0,887.0,871.0,882.0,0.0,589865.0
2023-08-03,872.7617797851562,873.0,0.0,885.0,868.0,879.0,0.0,433760.0
2023-08-04,871.7620849609375,872.0,0.0,876.572998046875,861.5,870.0,0.0,489575.0
2023-08-07,863.7642211914062,864.0,0.0,872.0,863.0,866.0,0.0,593612.0
2023-08-08,854.7667236328125,855.0,0.0,868.0,852.5999755859375,857.0,0.0,473624.0
2023-08-09,862.7645874023438,863.0,0.0,865.0,857.0,861.0,0.0,644416.0
2023-08-10,864.7640991210938,865.0,0.0,868.0,859.0,868.0,0.0,340678.0
2023-08-11,850.767822265625,851.0,0.0,860.1599731445312,846.0,856.0,0.0,581951.0
2023-08-14,852.7672729492188,853.0,0.0,861.0800170898438,846.677978515625,851.0,0.0,408877.0
2023-08-15,846.7688598632812,847.0,0.0,851.0,840.0,846.0,0.0,680880.0
2023-08-16,844.7693481445312,845.0,0.0,847.22900390625,839.0,845.0,0.0,504001.0
2023-08-17,837.7713012695312,838.0,0.0,842.760009765625,833.0,836.0,0.0,525733.0
2023-08-18,830.7732543945312,831.0,0.0,834.1599731445312,825.6690063476562,834.0,0.0,624425.0
2023-08-21,833.7724609375,834.0,0.0,835.3400268554688,825.9929809570312,829.0,0.0,368408.0
2023-08-22,838.7711181640625,839.0,0.0,840.7750244140625,830.0,830.0,0.0,359887.0
2023-08-23,849.76806640625,850.0,0.0,850.0,838.0,840.0,0.0,453931.0
2023-08-24,852.7672729492188,853.0,0.0,858.0880126953125,850.0,852.0,0.0,411050.0
2023-08-25,848.7683715820312,849.0,0.0,855.0,847.0,854.0,0.0,242967.0
2023-08-29,864.7640991210938,865.0,0.0,867.010009765625,851.0,863.0,0.0,341326.0
2023-08-30,863.7642211914062,864.0,0.0,869.0,850.5560302734375,862.0,0.0,281167.0
2023-08-31,865.7637329101562,866.0,0.0,867.0,861.4010009765625,866.0,0.0,462663.0
2023-09-01,867.7631225585938,868.0,0.0,869.5599975585938,858.0,858.0,0.0,349495.0
2023-09-04,870.7623291015625,871.0,0.0,877.0,867.0,874.0,0.0,264451.0
2023-09-05,867.7631225585938,868.0,0.0,872.0,860.0,868.0,0.0,252369.0
2023-09-06,865.7637329101562,866.0,0.0,868.4199829101562,859.0,863.0,0.0,362281.0
2023-09-07,865.7637329101562,866.0,0.0,868.0,858.8200073242188,863.0,0.0,425167.0
2023-09-08,869.7626953125,870.0,0.0,870.0,860.0,869.0,0.0,453698.0
2023-09-11,875.760986328125,876.0,0.0,877.0,866.0,866.0,0.0,738173.0
2023-09-12,878.7601318359375,879.0,0.0,885.0,874.0,880.0,0.0,385807.0
2023-09-13,880.7596435546875,881.0,0.0,882.0,874.9000244140625,882.0,0.0,286196.0
2023-09-14,900.7540893554688,901.0,0.0,901.0,872.0,872.0,0.0,621853.0
2023-09-15,906.7525024414062,907.0,0.0,907.0,896.7999877929688,905.0,0.0,849360.0
2023-09-18,894.7557983398438,895.0,0.0,906.0,894.0,904.0,0.0,246474.0
2023-09-19,886.7579956054688,887.0,0.0,900.0,887.0,898.0,0.0,339663.0
2023-09-20,893.756103515625,894.0,0.0,898.0,885.0,885.0,0.0,256305.0
2023-09-21,884.758544921875,885.0,0.0,892.0,883.0,891.0,0.0,286404.0
2023-09-22,891.7566528320312,892.0,0.0,894.0,879.0,883.0,0.0,1293526.0
2023-09-25,880.7596435546875,881.0,0.0,895.0,878.0,895.0,0.0,359751.0
2023-09-26,880.7596435546875,881.0,0.0,885.3870239257812,875.802001953125,877.0,0.0,314049.0
2023-09-27,875.760986328125,876.0,0.0,886.0,876.0,877.0,0.0,261288.0
2023-09-28,881.7593994140625,882.0,0.0,882.0,868.0,876.0,0.0,356636.0
2023-09-29,882.7590942382812,883.0,0.0,887.0,881.0,887.0,0.0,288567.0
2023-10-02,874.7612915039062,875.0,0.0,885.427978515625,872.0919799804688,879.0,0.0,333876.0
2023-10-03,867.7631225585938,868.0,0.0,879.0,865.0,870.0,0.0,232624.0
2023-10-04,865.7637329101562,866.0,0.0,871.0,858.0,864.0,0.0,377940.0
2023-10-05,862.7984619140625,863.0,3.4,867.6799926757812,857.0,858.0,0.0,274083.0
2023-10-06,864.7980346679688,865.0,0.0,870.0,858.0,870.0,0.0,367613.0
2023-10-09,862.7984619140625,863.0,0.0,871.0,859.0,859.0,0.0,427266.0
2023-10-10,878.7946166992188,879.0,0.0,884.0,865.0,872.0,0.0,349304.0
2023-10-11,878.7946166992188,879.0,0.0,881.0,874.676025390625,880.0,0.0,315957.0
2023-10-12,884.7932739257812,885.0,0.0,886.0,877.0,882.0,0.0,357951.0
2023-10-13,876.795166015625,877.0,0.0,893.0,875.0,888.0,0.0,585446.0
2023-10-16,875.79541015625,876.0,0.0,886.0,870.0,886.0,0.0,248534.0
2023-10-17,874.795654296875,875.0,0.0,880.0,868.0,878.0,0.0,539479.0
2023-10-18,868.7969970703125,869.0,0.0,878.0,866.0,875.0,0.0,665922.0
2023-10-19,864.7980346679688,865.0,0.0,870.0,856.0,869.0,0.0,345057.0
2023-10-20,849.8014526367188,850.0,0.0,863.0999755859375,849.4190063476562,863.0,0.0,557552.0
2023-10-23,847.8020629882812,848.0,0.0,856.0,838.6489868164062,853.0,0.0,396802.0
2023-10-24,846.8021240234375,847.0,0.0,851.0,837.0,851.0,0.0,989276.0
2023-10-25,851.8009643554688,852.0,0.0,853.0,842.7670288085938,844.0,0.0,316313.0
2023-10-26,842.8030395507812,843.0,0.0,849.0,839.0,849.0,0.0,389542.0
2023-10-27,838.8040771484375,839.0,0.0,847.0,836.801025390625,847.0,0.0,377218.0
2023-10-30,840.8035888671875,841.0,0.0,846.0,837.0,846.0,0.0,282584.0
2023-10-31,846.8021240234375,847.0,0.0,847.0,835.0,844.0,0.0,489580.0
2023-11-01,853.800537109375,854.0,0.0,854.3599853515625,840.5369873046875,846.0,0.0,360172.0
2023-11-02,874.795654296875,875.0,0.0,875.0,858.572021484375,863.0,0.0,579229.0
2023-11-03,877.794921875,878.0,0.0,882.0,870.77001953125,882.0,0.0,474348.0
2023-11-06,873.7958374023438,874.0,0.0,901.0,873.0,883.0,0.0,350392.0
2023-11-07,880.7942504882812,881.0,0.0,881.0,868.7440185546875,874.0,0.0,360275.0
2023-11-08,889.7921142578125,890.0,0.0,890.0,873.030029296875,880.0,0.0,520503.0
2023-11-09,900.7894897460938,901.0,0.0,901.0,880.0,886.0,0.0,337143.0
2023-11-10,891.7916870117188,892.0,0.0,903.0,888.5800170898438,903.0,0.0,287766.0
2023-11-13,904.78857421875,905.0,0.0,909.6530151367188,891.0,902.0,0.0,332583.0
2023-11-14,903.7889404296876,904.0,0.0,911.0,899.0,908.0,0.0,491157.0
2023-11-15,913.7865600585938,914.0,0.0,923.0,908.0,914.0,0.0,392114.0
2023-11-16,901.7893676757812,902.0,0.0,918.0,901.0,918.0,0.0,215544.0
2023-11-17,907.7879638671876,908.0,0.0,916.0,903.0,912.0,0.0,373626.0
2023-11-20,908.7877197265624,909.0,0.0,917.0,902.4329833984376,917.0,0.0,225933.0
2023-11-21,898.7900390625,899.0,0.0,914.0,897.5,914.0,0.0,286654.0
2023-11-22,904.78857421875,905.0,0.0,910.5,895.0,905.0,0.0,327238.0
2023-11-23,902.7890625,903.0,0.0,909.0,894.0,894.0,0.0,385904.0
2023-11-24,894.7909545898438,895.0,0.0,905.0,890.0,897.0,0.0,233050.0
2023-11-27,891.7916870117188,892.0,0.0,896.0,885.0,887.0,0.0,267671.0
2023-11-28,888.7923583984375,889.0,0.0,895.0,880.0,895.0,0.0,293810.0
2023-11-29,883.7935180664062,884.0,0.0,893.0,878.0,893.0,0.0,195305.0
2023-11-30,882.7937622070312,883.0,0.0,893.0,879.0,893.0,0.0,564378.0
2023-12-01,889.7921142578125,890.0,0.0,896.0,884.0,890.0,0.0,312447.0
2023-12-04,887.7926025390625,888.0,0.0,893.0,865.0,880.0,0.0,416924.0
2023-12-05,890.7919311523438,891.0,0.0,894.0,881.0,889.0,0.0,491925.0
2023-12-06,897.7902221679688,898.0,0.0,900.0,884.9400024414062,898.0,0.0,419263.0
2023-12-07,898.7900390625,899.0,0.0,899.0,885.0,895.0,0.0,322996.0
2023-12-08,908.7877197265624,909.0,0.0,912.0,896.7459716796875,904.0,0.0,543813.0
2023-12-11,913.7865600585938,914.0,0.0,915.0499877929688,896.7839965820312,910.0,0.0,438767.0
2023-12-12,923.7841796875,924.0,0.0,924.0,913.0,920.0,0.0,566969.0
2023-12-13,931.7823486328124,932.0,0.0,932.5599975585938,919.4400024414062,926.0,0.0,532290.0
2023-12-14,957.7763061523438,958.0,0.0,964.1279907226562,927.0,941.0,0.0,951441.0
2023-12-15,954.7769165039062,955.0,0.0,965.0,948.7670288085938,965.0,0.0,969155.0
2023-12-18,953.7771606445312,954.0,0.0,962.0,936.0,953.0,0.0,350871.0
2023-12-19,951.777587890625,952.0,0.0,957.0750122070312,938.0,955.0,0.0,441361.0
2023-12-20,963.7747802734376,964.0,0.0,976.0,949.0,963.0,0.0,515599.0
2023-12-21,958.7760009765624,959.0,0.0,963.0,948.0,962.0,0.0,387855.0
2023-12-22,956.7764892578124,957.0,0.0,960.0,945.4509887695312,960.0,0.0,136595.0
2023-12-27,955.7767333984376,956.0,0.0,970.0,951.0,965.0,0.0,426441.0
2023-12-28,959.7757568359376,960.0,0.0,962.0,947.541015625,959.0,0.0,454404.0
2023-12-29,961.7753295898438,962.0,0.0,968.22998046875,953.77197265625,961.0,0.0,276422.0
2024-01-02,956.7764892578124,957.0,0.0,969.0,953.0,969.0,0.0,395278.0
2024-01-03,946.77880859375,947.0,0.0,959.0,942.0,949.0,0.0,377884.0
2024-01-04,936.8147583007812,937.0,3.4,949.0,928.010009765625,941.0,0.0,378889.0
2024-01-05,931.8157958984376,932.0,0.0,933.0399780273438,918.7420043945312,931.0,0.0,365801.0
2024-01-08,930.81591796875,931.0,0.0,941.6019897460938,921.0,935.0,0.0,375517.0
2024-01-09,942.8135375976562,943.0,0.0,943.3809814453124,928.0,937.0,0.0,253628.0
2024-01-10,943.8134155273438,944.0,0.0,946.0,937.3060302734376,945.0,0.0,238827.0
2024-01-11,944.8131103515624,945.0,0.0,956.0,940.0,950.0,0.0,334411.0
2024-01-12,949.8121337890624,950.0,0.0,955.0,934.0,942.0,0.0,371855.0
2024-01-15,952.8116455078124,953.0,0.0,954.0,944.0,952.2349853515624,0.0,469338.0
2024-01-16,947.8125,948.0,0.0,953.52099609375,939.9450073242188,940.0,0.0,275696.0
2024-01-17,931.8157958984376,932.0,0.0,938.280029296875,930.0,933.0,0.0,315905.0
2024-01-18,937.8145751953124,938.0,0.0,940.5499877929688,929.9000244140624,936.0,0.0,311468.0
2024-01-19,944.8131103515624,945.0,0.0,947.0,941.7860107421876,947.0,0.0,388233.0
2024-01-22,948.8123779296876,949.0,0.0,954.0,943.0,953.0,0.0,693918.0
2024-01-23,944.8131103515624,945.0,0.0,958.0,940.10400390625,958.0,0.0,453098.0
2024-01-24,956.8108520507812,957.0,0.0,958.0,938.0,950.0,0.0,319197.0
2024-01-25,951.811767578125,952.0,0.0,956.0,946.0,950.0,0.0,348461.0
2024-01-26,966.808837890625,967.0,0.0,967.0,943.0,945.0,0.0,496132.0
2024-01-29,965.8090209960938,966.0,0.0,970.0,955.6170043945312,970.0,0.0,433336.0
2024-01-30,979.8062744140624,980.0,0.0,983.0,968.760009765625,974.0,0.0,445593.0
2024-01-31,973.8074951171876,974.0,0.0,982.0,969.0,982.0,0.0,411010.0
2024-02-01,964.8092041015624,965.0,0.0,977.0,962.0,968.0,0.0,325048.0
2024-02-02,978.8064575195312,979.0,0.0,983.0,970.0,970.0,0.0,496309.0
2024-02-05,979.8062744140624,980.0,0.0,994.0,978.2899780273438,985.0,0.0,440633.0
2024-02-06,989.8042602539062,990.0,0.0,993.0,982.0,990.0,0.0,312489.0
2024-02-07,986.8048706054688,987.0,0.0,990.0,979.0,982.0,0.0,249691.0
2024-02-08,983.8054809570312,984.0,0.0,996.7490234375,980.0,983.0,0.0,623673.0
2024-02-09,984.8052978515624,985.0,0.0,991.0,984.0,989.0,0.0,257416.0
2024-02-12,994.8032836914062,995.0,0.0,1000.0,983.0,994.0,0.0,435713.0
2024-02-13,975.8070678710938,976.0,0.0,991.0,973.0,987.0,0.0,392004.0
2024-02-14,981.8058471679688,982.0,0.0,987.0,974.0,974.0,0.0,299047.0
2024-02-15,983.8054809570312,984.0,0.0,992.0,981.0,990.0,0.0,339934.0
2024-02-16,992.8036499023438,993.0,0.0,996.0,982.0,982.0,0.0,512173.0
2024-02-19,989.8042602539062,990.0,0.0,992.9500122070312,982.0,991.0,0.0,277626.0
2024-02-20,981.8058471679688,982.0,0.0,993.0,979.0,993.0,0.0,460790.0
2024-02-21,975.8070678710938,976.0,0.0,987.0,976.0,984.0,0.0,332791.0
2024-02-22,984.8052978515624,985.0,0.0,988.0,978.0,982.0,0.0,892934.0
2024-02-23,987.8046875,988.0,0.0,991.4970092773438,981.0,987.0,0.0,831597.0
2024-02-26,986.8048706054688,987.0,0.0,992.0,983.4030151367188,991.0,0.0,413442.0
2024-02-27,982.8056030273438,983.0,0.0,988.0,981.0,988.0,0.0,280012.0
2024-02-28,980.8060913085938,981.0,0.0,985.0,978.0,983.0,0.0,274602.0
2024-02-29,981.8058471679688,982.0,0.0,984.906005859375,977.406005859375,982.0,0.0,490055.0
2024-03-01,987.8046875,988.0,0.0,990.89501953125,981.0,987.0,0.0,327369.0
2024-03-04,981.8058471679688,982.0,0.0,988.0,978.7130126953124,985.0,0.0,566710.0
2024-03-05,977.806640625,978.0,0.0,983.0,973.0,976.0,0.0,533602.0
2024-03-06,984.8052978515624,985.0,0.0,988.0499877929688,978.1199951171876,982.0,0.0,240325.0
2024-03-07,982.8056030273438,983.0,0.0,989.5230102539062,977.8560180664062,988.0,0.0,588056.0
2024-03-08,979.8062744140624,980.0,0.0,990.5009765625,978.9439697265624,990.0,0.0,434823.0
2024-03-11,971.8078002929688,972.0,0.0,980.5640258789062,967.0,976.0,0.0,438239.0
2024-03-12,980.8060913085938,981.0,0.0,986.31298828125,974.0,980.0,0.0,421401.0
2024-03-13,975.8070678710938,976.0,0.0,982.0,973.0,982.0,0.0,414186.0
2024-03-14,970.8079833984376,971.0,0.0,980.0,971.0,980.0,0.0,527867.0
2024-03-15,974.8072509765624,975.0,0.0,978.5,969.0,969.0,0.0,999202.0
2024-03-18,974.8072509765624,975.0,0.0,979.0,968.0,979.0,0.0,435179.0
2024-03-19,968.8084106445312,969.0,0.0,973.780029296875,964.0,970.0,0.0,395061.0
2024-03-20,974.8072509765624,975.0,0.0,975.6950073242188,966.0,966.0,0.0,401411.0
2024-03-21,997.8026733398438,998.0,0.0,999.0,980.8720092773438,983.0,0.0,554892.0
2024-03-22,1001.8019409179688,1002.0,0.0,1008.0,994.0,999.0,0.0,768290.0
2024-03-25,992.8036499023438,993.0,0.0,1004.0,985.0,1004.0,0.0,658413.0
2024-03-26,989.8042602539062,990.0,0.0,992.4249877929688,986.0,989.0,0.0,624873.0
2024-03-27,989.8042602539062,990.0,0.0,992.4500122070312,985.47998046875,992.0,0.0,510477.0
2024-03-28,995.8031005859376,996.0,0.0,1000.614990234375,988.39599609375,996.0,0.0,689069.0
2024-04-02,987.8046875,988.0,0.0,1000.2030029296876,982.0,998.0,0.0,647812.0
2024-04-03,992.8036499023438,993.0,0.0,993.5599975585938,977.0,980.0,0.0,923371.0
2024-04-04,1001.8019409179688,1002.0,0.0,1004.0,983.0,991.0,0.0,862190.0
2024-04-05,993.8035278320312,994.0,0.0,995.3109741210938,978.0,990.0,0.0,688183.0
2024-04-08,1001.8019409179688,1002.0,0.0,1005.2780151367188,994.0,996.0,0.0,676757.0
2024-04-09,997.8026733398438,998.0,0.0,1004.02001953125,992.0,1004.0,0.0,657422.0
2024-04-10,998.802490234375,999.0,0.0,1008.0,993.0,1006.0,0.0,435368.0
2024-04-11,987.8491821289062,988.0,4.5,1002.0,983.0,990.0,0.0,635596.0
2024-04-12,991.8485717773438,992.0,0.0,1000.6019897460938,987.0,997.0,0.0,591443.0
2024-04-15,990.8487548828124,991.0,0.0,997.0,983.0,996.0,0.0,591306.0
2024-04-16,969.8519287109376,970.0,0.0,980.0,964.0,980.0,0.0,696429.0
2024-04-17,970.8517456054688,971.0,0.0,973.655029296875,961.0,961.0,0.0,492560.0
2024-04-18,972.8515014648438,973.0,0.0,981.0599975585938,962.0,978.0,0.0,448402.0
2024-04-19,969.8519287109376,970.0,0.0,972.0,957.8800048828124,964.0,0.0,469418.0
2024-04-22,980.8502807617188,981.0,0.0,985.0,973.0,982.0,0.0,605272.0
2024-04-23,987.8491821289062,988.0,0.0,990.0,980.0,989.0,0.0,491669.0
2024-04-24,981.85009765625,982.0,0.0,997.0,982.0,997.0,0.0,290913.0
2024-04-25,967.852294921875,968.0,0.0,992.0,966.010009765625,974.0,0.0,475655.0
2024-04-26,991.8485717773438,992.0,0.0,992.8140258789062,974.9600219726562,981.0,0.0,516841.0
2024-04-29,995.8479614257812,996.0,0.0,996.0,989.0,993.0,0.0,319060.0
2024-04-30,990.8487548828124,991.0,0.0,1000.0,989.0,1000.0,0.0,490163.0
2024-05-01,985.8494873046876,986.0,0.0,994.0,965.5479736328124,988.0,0.0,323870.0
2024-05-02,993.8483276367188,994.0,0.0,994.0,982.0,985.0,0.0,341765.0
2024-05-03,1007.8461303710938,1008.0,0.0,1008.0,993.0,1000.0,0.0,371485.0
2024-05-07,1021.843994140625,1022.0,0.0,1028.4820556640625,1015.0819702148438,1016.0,0.0,616577.0
2024-05-08,1027.843017578125,1028.0,0.0,1034.0,1016.0,1024.0,0.0,337871.0
2024-05-09,1031.8424072265625,1032.0,0.0,1038.0,1022.9940185546876,1024.0,0.0,421057.0
2024-05-10,1039.8411865234375,1040.0,0.0,1058.0,1034.0,1038.0,0.0,434812.0
2024-05-13,1039.8411865234375,1040.0,0.0,1044.0,1034.0,1036.0,0.0,330861.0
2024-05-14,1039.8411865234375,1040.0,0.0,1045.760009765625,1030.0,1034.0,0.0,306920.0
2024-05-15,1049.8397216796875,1050.0,0.0,1050.0,1036.0,1044.0,0.0,302313.0
2024-05-16,1047.840087890625,1048.0,0.0,1052.0,1039.18798828125,1050.0,0.0,381292.0
2024-05-17,1047.840087890625,1048.0,0.0,1056.0,1037.5799560546875,1056.0,0.0,304974.0
2024-05-20,1045.8404541015625,1046.0,0.0,1054.0,1042.64404296875,1048.0,0.0,189842.0
2024-05-21,1031.8424072265625,1032.0,0.0,1041.7330322265625,1030.0,1034.0,0.0,388836.0
2024-05-22,1023.8436889648438,1024.0,0.0,1036.0,1024.0,1036.0,0.0,266271.0
2024-05-23,1023.8436889648438,1024.0,0.0,1040.0,1024.0,1038.0,0.0,248782.0
2024-05-24,1025.8433837890625,1026.0,0.0,1028.0,1014.0,1014.0,0.0,306187.0
2024-05-28,1017.8446044921876,1018.0,0.0,1036.0,1016.0,1036.0,0.0,400305.0
2024-05-29,1013.84521484375,1014.0,0.0,1030.0,1010.3720092773438,1030.0,0.0,434105.0
2024-05-30,1017.8446044921876,1018.0,0.0,1022.0,1003.4840087890624,1004.0,0.0,450090.0
2024-05-31,1009.8457641601562,1010.0,0.0,1020.0,1010.0,1020.0,0.0,425500.0
2024-06-03,1005.8464965820312,1006.0,0.0,1034.0,1006.0,1028.0,0.0,603223.0
2024-06-04,993.8483276367188,994.0,0.0,1012.0,994.0,1012.0,0.0,773978.0
2024-06-05,999.847412109375,1000.0,0.0,1002.0,994.5059814453124,998.0,0.0,1303964.0
2024-06-06,999.847412109375,1000.0,0.0,1002.0,997.6530151367188,1000.0,0.0,912828.0
2024-06-07,991.8485717773438,992.0,0.0,1004.0,992.0,1004.0,0.0,1100712.0
2024-06-10,990.8487548828124,991.0,0.0,993.0,983.0,984.0,0.0,2411315.0
2024-06-11,991.8485717773438,992.0,0.0,1004.0,983.2999877929688,1000.0,0.0,535470.0
2024-06-12,1005.8464965820312,1006.0,0.0,1008.0,992.0,996.0,0.0,707132.0
2024-06-13,998.8474731445312,999.0,0.0,1012.0,994.0,1000.0,0.0,470691.0
2024-06-14,1003.8467407226562,1004.0,0.0,1010.0,992.4169921875,1002.0,0.0,524145.0
2024-06-17,1005.8464965820312,1006.0,0.0,1012.0,999.1519775390624,1010.0,0.0,545291.0
2024-06-18,1013.84521484375,1014.0,0.0,1018.0,1006.0,1012.0,0.0,745198.0
2024-06-19,1013.84521484375,1014.0,0.0,1018.0,1008.0,1018.0,0.0,519274.0
2024-06-20,1019.84423828125,1020.0,0.0,1022.0,1010.7760009765624,1020.0,0.0,744477.0
2024-06-21,1015.844970703125,1016.0,0.0,1018.0070190429688,1008.0,1014.0,0.0,736993.0
2024-06-24,1019.84423828125,1020.0,0.0,1022.7109985351562,1007.9000244140624,1014.0,0.0,571984.0
2024-06-25,1011.8455200195312,1012.0,0.0,1024.0,1009.7130126953124,1024.0,0.0,450764.0
2024-06-26,1013.84521484375,1014.0,0.0,1026.0,1010.0,1022.0,0.0,585483.0
2024-06-27,1007.8819580078124,1008.0,3.6,1018.0,1007.2050170898438,1016.0,0.0,684658.0
2024-06-28,1011.8814697265624,1012.0,0.0,1020.0,1008.0,1008.0,0.0,671543.0
2024-07-01,1003.8823852539062,1004.0,0.0,1018.0,1004.0,1016.0,0.0,481285.0
2024-07-02,1003.8823852539062,1004.0,0.0,1010.0,998.0,998.0,0.0,722883.0
2024-07-03,1009.8816528320312,1010.0,0.0,1014.541015625,1002.0,1002.0,0.0,483350.0
2024-07-04,1007.8819580078124,1008.0,0.0,1018.0,1007.47998046875,1012.0,0.0,592623.0
2024-07-05,1009.8816528320312,1010.0,0.0,1018.0,1008.0,1010.0,0.0,525294.0
2024-07-08,1013.8812255859376,1014.0,0.0,1018.0,1002.0,1006.0,0.0,330127.0
2024-07-09,1017.8807373046876,1018.0,0.0,1022.0,1010.8040161132812,1016.0,0.0,408887.0
2024-07-10,1021.8803100585938,1022.0,0.0,1025.0770263671875,1017.1519775390624,1022.0,0.0,428412.0
2024-07-11,1025.8798828125,1026.0,0.0,1028.0,1021.6950073242188,1026.0,0.0,493593.0
2024-07-12,1031.8790283203125,1032.0,0.0,1034.0,1022.375,1032.0,0.0,306872.0
2024-07-15,1027.8795166015625,1028.0,0.0,1032.0,1022.0,1022.0,0.0,333687.0
2024-07-16,1047.8773193359375,1048.0,0.0,1049.125,1020.0,1026.0,0.0,1688959.0
2024-07-17,1041.8779296875,1042.0,0.0,1043.2440185546875,1033.47998046875,1042.0,0.0,693535.0
2024-07-18,1033.87890625,1034.0,0.0,1052.0,1030.0,1050.0,0.0,553758.0
2024-07-19,1035.878662109375,1036.0,0.0,1038.0,1020.0,1038.0,0.0,794432.0
2024-07-22,1039.878173828125,1040.0,0.0,1042.0,1028.0,1042.0,0.0,500860.0
2024-07-23,1039.878173828125,1040.0,0.0,1040.8179931640625,1028.0,1028.0,0.0,638098.0
2024-07-24,1031.8790283203125,1032.0,0.0,1038.0,1028.0,1028.0,0.0,331726.0
2024-07-25,1019.8804931640624,1020.0,0.0,1028.6400146484375,1006.5,1022.0,0.0,464594.0
2024-07-26,1041.8779296875,1042.0,0.0,1044.0,1020.2849731445312,1024.0,0.0,343711.0
2024-07-29,1037.8785400390625,1038.0,0.0,1050.0,1033.717041015625,1050.0,0.0,620463.0
2024-07-30,1041.8779296875,1042.0,0.0,1044.0,1032.0,1036.0,0.0,666615.0
2024-07-31,1055.876220703125,1056.0,0.0,1058.0,1044.6390380859375,1054.0,0.0,482767.0
2024-08-01,1049.8770751953125,1050.0,0.0,1066.6590576171875,1048.0,1064.0,0.0,571063.0
2024-08-02,1015.8810424804688,1016.0,0.0,1034.0,1014.0,1024.0,0.0,869021.0
2024-08-05,996.8831787109376,997.0,0.0,997.0,966.0,982.0,0.0,927427.0
2024-08-06,1003.8823852539062,1004.0,0.0,1006.0,987.0,1000.0,0.0,613441.0
2024-08-07,1023.8800659179688,1024.0,0.0,1024.0,1004.719970703125,1014.0,0.0,563406.0
2024-08-08,1025.8798828125,1026.0,0.0,1026.0,999.0,1012.0,0.0,452777.0
2024-08-09,1025.8798828125,1026.0,0.0,1030.0,1016.7009887695312,1030.0,0.0,252794.0
2024-08-12,1025.8798828125,1026.0,0.0,1036.0,1024.0,1030.0,0.0,296289.0
2024-08-13,1029.87939453125,1030.0,0.0,1032.0,1016.0,1030.0,0.0,508780.0
2024-08-14,1035.878662109375,1036.0,0.0,1038.0,1028.0,1038.0,0.0,362652.0
2024-08-15,1047.8773193359375,1048.0,0.0,1050.56005859375,1024.43701171875,1044.0,0.0,446124.0
2024-08-16,1039.878173828125,1040.0,0.0,1054.0,1036.4429931640625,1054.0,0.0,433167.0
2024-08-19,1037.8785400390625,1038.0,0.0,1046.0,1030.0,1030.0,0.0,319806.0
2024-08-20,1035.878662109375,1036.0,0.0,1042.199951171875,1029.1199951171875,1038.0,0.0,476179.0
2024-08-21,1039.878173828125,1040.0,0.0,1044.0,1030.0,1040.0,0.0,358202.0
2024-08-22,1037.8785400390625,1038.0,0.0,1044.0,1028.0,1028.0,0.0,334965.0
2024-08-23,1037.8785400390625,1038.0,0.0,1040.0,1032.0,1040.0,0.0,309170.0
2024-08-27,1025.8798828125,1026.0,0.0,1042.0,1022.0,1038.0,0.0,464892.0
2024-08-28,1023.8800659179688,1024.0,0.0,1036.0,1024.0,1034.0,0.0,376059.0
2024-08-29,1031.8790283203125,1032.0,0.0,1032.0,1018.0,1026.0,0.0,460177.0
2024-08-30,1027.8795166015625,1028.0,0.0,1038.0,1024.0,1032.0,0.0,490660.0
2024-09-02,1029.87939453125,1030.0,0.0,1042.0,1020.0,1038.0,0.0,500652.0
2024-09-03,1019.8804931640624,1020.0,0.0,1032.52294921875,1014.0,1020.0,0.0,514177.0
2024-09-04,1007.8819580078124,1008.0,0.0,1014.0,999.0,1012.0,0.0,768718.0
2024-09-05,996.8831787109376,997.0,0.0,1012.0,997.0,1002.0,0.0,450117.0
2024-09-06,986.8843994140624,987.0,0.0,1002.0,983.0,1002.0,0.0,503209.0
2024-09-09,997.8831176757812,998.0,0.0,1002.447021484375,989.0,996.0,0.0,573712.0
2024-09-10,1003.8823852539062,1004.0,0.0,1007.97900390625,990.0,990.0,0.0,365006.0
2024-09-11,1001.8826904296876,1002.0,0.0,1008.0,993.552001953125,1006.0,0.0,403386.0
2024-09-12,1015.8810424804688,1016.0,0.0,1024.0,1010.0,1010.0,0.0,559241.0
2024-09-13,1023.8800659179688,1024.0,0.0,1026.1650390625,1014.0,1022.0,0.0,452020.0
2024-09-16,1021.8803100585938,1022.0,0.0,1024.0,1014.0,1018.0,0.0,462973.0
2024-09-17,1025.8798828125,1026.0,0.0,1030.572021484375,1022.0,1028.0,0.0,591531.0
2024-09-18,1021.8803100585938,1022.0,0.0,1030.0,1016.0,1030.0,0.0,484281.0
2024-09-19,1037.8785400390625,1038.0,0.0,1038.0,1024.0,1032.0,0.0,728763.0
2024-09-20,1023.8800659179688,1024.0,0.0,1034.0,1022.0,1022.0,0.0,1492345.0
2024-09-23,1021.8803100585938,1022.0,0.0,1032.0,1020.0,1024.0,0.0,642728.0
2024-09-24,1021.8803100585938,1022.0,0.0,1034.0,1014.0,1030.0,0.0,574866.0
2024-09-25,1023.8800659179688,1024.0,0.0,1028.0,1015.385009765625,1016.0,0.0,792395.0
2024-09-26,1023.8800659179688,1024.0,0.0,1038.0,1024.0,1030.0,0.0,504826.0
2024-09-27,1033.87890625,1034.0,0.0,1034.6689453125,1022.0,1026.0,0.0,586704.0
2024-09-30,1029.87939453125,1030.0,0.0,1034.0,1021.051025390625,1026.0,0.0,489186.0
2024-10-01,1027.8795166015625,1028.0,0.0,1041.2340087890625,1024.0,1034.0,0.0,579069.0
2024-10-02,1031.8790283203125,1032.0,0.0,1034.0,1024.0,1024.0,0.0,568026.0
2024-10-03,1033.9149169921875,1034.0,3.6,1036.0,1023.5,1036.0,0.0,620670.0
2024-10-04,1041.914306640625,1042.0,0.0,1046.7440185546875,1028.0,1036.0,0.0,585492.0
2024-10-07,1045.9140625,1046.0,0.0,1050.0,1036.0,1046.0,0.0,524470.0
2024-10-08,1039.9144287109375,1040.0,0.0,1048.0,1034.0,1048.0,0.0,584728.0
2024-10-09,1047.913818359375,1048.0,0.0,1050.0,1034.0,1044.0,0.0,443300.0
2024-10-10,1049.9136962890625,1050.0,0.0,1051.6390380859375,1042.0,1042.0,0.0,442854.0
2024-10-11,1053.913330078125,1054.0,0.0,1055.1719970703125,1042.0,1050.0,0.0,463204.0
2024-10-14,1055.9130859375,1056.0,0.0,1058.175048828125,1046.0,1056.0,0.0,602653.0
2024-10-15,1049.9136962890625,1050.0,0.0,1064.0,1044.0,1064.0,0.0,698062.0
2024-10-16,1057.9129638671875,1058.0,0.0,1064.0,1049.47705078125,1060.0,0.0,546566.0
2024-10-17,1067.9122314453125,1068.0,0.0,1068.0,1055.885009765625,1062.0,0.0,573861.0
2024-10-18,1067.9122314453125,1068.0,0.0,1068.0,1056.0,1056.0,0.0,623873.0
2024-10-21,1057.9129638671875,1058.0,0.0,1070.0,1055.5999755859375,1070.0,0.0,585995.0
2024-10-22,1053.913330078125,1054.0,0.0,1062.0,1050.0,1054.0,0.0,668856.0
2024-10-23,1047.913818359375,1048.0,0.0,1062.0,1048.0,1062.0,0.0,600963.0
2024-10-24,1049.9136962890625,1050.0,0.0,1060.0,1047.47998046875,1060.0,0.0,678513.0
2024-10-25,1057.9129638671875,1058.0,0.0,1060.0,1048.0,1056.0,0.0,755887.0
2024-10-28,1055.9130859375,1056.0,0.0,1062.0,1048.0,1062.0,0.0,781793.0
2024-10-29,1043.9140625,1044.0,0.0,1062.0,1040.52001953125,1062.0,0.0,902394.0
2024-10-30,1047.913818359375,1048.0,0.0,1050.0,1040.0,1046.0,0.0,902343.0
2024-10-31,1043.9140625,1044.0,0.0,1046.0,1032.0,1040.0,0.0,580398.0
2024-11-01,1049.9136962890625,1050.0,0.0,1052.0,1038.0,1038.0,0.0,562379.0
2024-11-04,1059.912841796875,1060.0,0.0,1060.0,1045.574951171875,1050.0,0.0,690636.0
2024-11-05,1061.91259765625,1062.0,0.0,1064.0,1052.0,1060.0,0.0,1541881.0
2024-11-06,1083.910888671875,1084.0,0.0,1092.0,1075.1600341796875,1076.0,0.0,671937.0
2024-11-07,1099.9095458984375,1100.0,0.0,1100.0,1086.0,1092.0,0.0,1051726.0
2024-11-08,1095.9097900390625,1096.0,0.0,1104.0,1089.2230224609375,1104.0,0.0,435828.0
2024-11-11,1107.9088134765625,1108.0,0.0,1110.0,1096.0,1096.0,0.0,418239.0
2024-11-12,1111.9085693359375,1112.0,0.0,1114.0,1099.1510009765625,1102.0,0.0,514530.0
2024-11-13,1109.90869140625,1110.0,0.0,1116.0,1109.041015625,1116.0,0.0,185384.0
2024-11-14,1113.908447265625,1114.0,0.0,1121.2650146484375,1108.0,1110.0,0.0,402414.0
2024-11-15,1103.9091796875,1104.0,0.0,1116.0,1104.0,1116.0,0.0,394545.0
2024-11-18,1099.9095458984375,1100.0,0.0,1112.0,1096.0,1102.0,0.0,581251.0
2024-11-19,1099.9095458984375,1100.0,0.0,1108.0,1091.4620361328125,1108.0,0.0,354108.0
2024-11-20,1095.9097900390625,1096.0,0.0,1104.0,1092.0,1100.0,0.0,412335.0
2024-11-21,1107.9088134765625,1108.0,0.0,1109.4720458984375,1096.0,1104.0,0.0,279639.0
2024-11-22,1121.90771484375,1122.0,0.0,1124.0,1112.5909423828125,1114.0,0.0,349714.0
2024-11-25,1119.9078369140625,1120.0,0.0,1129.18798828125,1118.573974609375,1128.0,0.0,524195.0
2024-11-26,1123.9075927734375,1124.0,0.0,1126.991943359375,1116.0,1126.0,0.0,329349.0
2024-11-27,1121.90771484375,1122.0,0.0,1128.0,1120.0,1128.0,0.0,324095.0
2024-11-28,1123.9075927734375,1124.0,0.0,1128.0,1118.0,1128.0,0.0,384208.0
2024-11-29,1121.90771484375,1122.0,0.0,1128.0,1117.6839599609375,1124.0,0.0,229628.0
2024-12-02,1131.9068603515625,1132.0,0.0,1134.0,1121.2459716796875,1128.0,0.0,474877.0
2024-12-03,1141.906005859375,1142.0,0.0,1142.0,1124.0,1124.0,0.0,414385.0
2024-12-04,1143.906005859375,1144.0,0.0,1144.1820068359375,1134.0,1136.0,0.0,1410946.0
2024-12-05,1135.9066162109375,1136.0,0.0,1143.93994140625,1136.0,1136.0,0.0,234355.0
2024-12-06,1133.90673828125,1134.0,0.0,1138.906005859375,1132.0,1134.0,0.0,262670.0
2024-12-09,1137.9063720703125,1138.0,0.0,1148.5770263671875,1132.0,1146.0,0.0,369103.0
2024-12-10,1135.9066162109375,1136.0,0.0,1140.0,1133.0,1138.0,0.0,386175.0
2024-12-11,1131.9068603515625,1132.0,0.0,1136.0,1130.0,1134.0,0.0,327162.0
2024-12-12,1131.9068603515625,1132.0,0.0,1137.125,1130.0,1130.0,0.0,354757.0
2024-12-13,1139.90625,1140.0,0.0,1144.0,1130.0,1138.0,0.0,325534.0
2024-12-16,1131.9068603515625,1132.0,0.0,1144.0,1130.0,1140.0,0.0,493781.0
2024-12-17,1121.90771484375,1122.0,0.0,1134.0,1118.0,1134.0,0.0,437520.0
2024-12-18,1123.9075927734375,1124.0,0.0,1130.0,1120.9339599609375,1128.0,0.0,408214.0
2024-12-19,1103.9091796875,1104.0,0.0,1118.0,1099.2679443359375,1118.0,0.0,528349.0
2024-12-20,1111.9085693359375,1112.0,0.0,1112.0,1093.093017578125,1110.0,0.0,843365.0
2024-12-23,1111.9085693359375,1112.0,0.0,1114.0,1104.0,1112.0,0.0,280650.0
2024-12-24,1117.907958984375,1118.0,0.0,1122.0,1114.073974609375,1116.0,0.0,137776.0
2024-12-27,1113.908447265625,1114.0,0.0,1126.0,1114.0,1126.0,0.0,276156.0
2024-12-30,1111.9085693359375,1112.0,0.0,1118.0,1104.0,1118.0,0.0,305923.0
2024-12-31,1107.9088134765625,1108.0,0.0,1118.0,1107.97998046875,1108.0,0.0,162755.0
2025-01-02,1123.944091796875,1124.0,3.6,1126.0,1090.0,1110.0,0.0,291058.0
2025-01-03,1119.9442138671875,1120.0,0.0,1130.0,1117.510009765625,1130.0,0.0,245965.0
2025-01-06,1129.9437255859375,1130.0,0.0,1134.0,1118.0,1118.0,0.0,462266.0
2025-01-07,1125.9439697265625,1126.0,0.0,1131.5050048828125,1120.0,1120.0,0.0,403834.0
2025-01-08,1127.94384765625,1128.0,0.0,1134.0,1118.0,1118.0,0.0,433277.0
2025-01-09,1139.9432373046875,1140.0,0.0,1140.9930419921875,1125.43994140625,1136.0,0.0,385365.0
2025-01-10,1125.9439697265625,1126.0,0.0,1140.0,1126.0,1138.0,0.0,387658.0
2025-01-13,1129.9437255859375,1130.0,0.0,1130.0,1118.0,1130.0,0.0,484669.0
2025-01-14,1131.943603515625,1132.0,0.0,1140.0,1126.0,1132.0,0.0,349551.0
2025-01-15,1149.9427490234375,1150.0,0.0,1150.0,1130.781982421875,1138.0,0.0,321253.0
2025-01-16,1161.942138671875,1162.0,0.0,1162.052978515625,1150.0,1158.0,0.0,572958.0
2025-01-17,1177.94140625,1178.0,0.0,1178.0,1160.0,1160.0,0.0,531194.0
2025-01-20,1175.9415283203125,1176.0,0.0,1176.0,1166.0,1176.0,0.0,318569.0
2025-01-21,1181.941162109375,1182.0,0.0,1182.0,1171.72802734375,1178.0,0.0,305915.0
2025-01-22,1191.940673828125,1192.0,0.0,1194.9599609375,1184.0,1184.0,0.0,319344.0
2025-01-23,1185.94091796875,1186.0,0.0,1196.0,1182.0,1196.0,0.0,310793.0
2025-01-24,1177.94140625,1178.0,0.0,1192.0,1176.0,1190.0,0.0,203973.0
2025-01-27,1155.9425048828125,1156.0,0.0,1176.0,1145.407958984375,1176.0,0.0,511396.0
2025-01-28,1171.941650390625,1172.0,0.0,1175.1180419921875,1158.0,1158.0,0.0,347019.0
2025-01-29,1167.94189453125,1168.0,0.0,1180.0,1168.0,1176.0,0.0,263844.0
2025-01-30,1173.9415283203125,1174.0,0.0,1180.0,1168.0,1176.0,0.0,263232.0
2025-01-31,1187.94091796875,1188.0,0.0,1188.0,1174.0,1174.0,0.0,345090.0
2025-02-03,1159.9422607421875,1160.0,0.0,1176.7030029296875,1154.0,1176.0,0.0,507018.0
2025-02-04,1167.94189453125,1168.0,0.0,1174.968017578125,1158.0,1172.0,0.0,392561.0
2025-02-05,1167.94189453125,1168.0,0.0,1172.0,1158.0,1160.0,0.0,235203.0
2025-02-06,1183.9410400390625,1184.0,0.0,1192.0,1172.0,1182.0,0.0,262612.0
2025-02-07,1181.941162109375,1182.0,0.0,1194.0,1179.6099853515625,1194.0,0.0,255172.0
2025-02-10,1193.9405517578125,1194.0,0.0,1196.0,1178.0,1178.0,0.0,430664.0
2025-02-11,1193.9405517578125,1194.0,0.0,1200.0,1182.623046875,1200.0,0.0,296844.0
2025-02-12,1191.940673828125,1192.0,0.0,1197.2110595703125,1182.0,1188.0,0.0,303005.0
2025-02-13,1191.940673828125,1192.0,0.0,1200.0,1182.0,1200.0,0.0,372411.0
2025-02-14,1191.940673828125,1192.0,0.0,1198.0,1188.0,1198.0,0.0,308015.0
2025-02-17,1195.9404296875,1196.0,0.0,1198.0,1188.0,1188.0,0.0,274238.0
2025-02-18,1197.9404296875,1198.0,0.0,1202.6710205078125,1190.0,1200.0,0.0,305473.0
2025-02-19,1195.9404296875,1196.0,0.0,1200.0,1188.0,1200.0,0.0,329104.0
2025-02-20,1189.9407958984375,1190.0,0.0,1198.0,1184.0,1198.0,0.0,242306.0
2025-02-21,1185.94091796875,1186.0,0.0,1194.0,1180.0,1180.0,0.0,292414.0
2025-02-24,1173.9415283203125,1174.0,0.0,1184.0,1160.0,1182.0,0.0,374353.0
2025-02-25,1149.9427490234375,1150.0,0.0,1176.0,1149.5799560546875,1162.0,0.0,507350.0
2025-02-26,1165.9420166015625,1166.0,0.0,1172.0,1152.0,1152.0,0.0,320066.0
2025-02-27,1157.9423828125,1158.0,0.0,1172.0,1148.0,1172.0,0.0,584762.0
2025-02-28,1145.9429931640625,1146.0,0.0,1156.0,1140.7320556640625,1146.0,0.0,301376.0
2025-03-03,1145.9429931640625,1146.0,0.0,1162.0,1146.0,1156.0,0.0,319775.0
2025-03-04,1111.9447021484375,1112.0,0.0,1139.4730224609375,1108.0,1136.0,0.0,435921.0
2025-03-05,1117.9443359375,1118.0,0.0,1130.0,1116.0,1116.0,0.0,1065312.0
2025-03-06,1119.9442138671875,1120.0,0.0,1128.0,1113.2679443359375,1128.0,0.0,378555.0
2025-03-07,1115.9444580078125,1116.0,0.0,1118.0,1108.0,1118.0,0.0,428122.0
2025-03-10,1123.944091796875,1124.0,0.0,1128.0,1106.0,1120.0,0.0,652945.0
2025-03-11,1107.94482421875,1108.0,0.0,1118.0,1096.9320068359375,1110.0,0.0,537711.0
2025-03-12,1097.9453125,1098.0,0.0,1114.0,1092.0,1096.0,0.0,455196.0
2025-03-13,1085.9459228515625,1086.0,0.0,1101.781005859375,1082.0,1092.0,0.0,328427.0
2025-03-14,1105.9449462890625,1106.0,0.0,1108.0,1086.0,1092.0,0.0,353814.0
2025-03-17,1101.9451904296875,1102.0,0.0,1110.0,1098.0,1098.0,0.0,361982.0
2025-03-18,1091.9456787109375,1092.0,0.0,1114.0,1092.0,1104.0,0.0,383226.0
2025-03-19,1103.945068359375,1104.0,0.0,1108.0,1096.0,1104.0,0.0,269072.0
2025-03-20,1101.9451904296875,1102.0,0.0,1122.0,1102.0,1122.0,0.0,459688.0
2025-03-21,1095.9454345703125,1096.0,0.0,1108.0,1094.0,1108.0,0.0,742558.0
2025-03-24,1111.9447021484375,1112.0,0.0,1114.0,1088.0,1088.0,0.0,501108.0
2025-03-25,1119.9442138671875,1120.0,0.0,1120.0,1106.0,1110.0,0.0,400565.0
2025-03-26,1119.9442138671875,1120.0,0.0,1128.0,1116.0,1120.0,0.0,435259.0
2025-03-27,1101.9451904296875,1102.0,0.0,1118.0,1098.0,1116.0,0.0,332949.0
2025-03-28,1089.94580078125,1090.0,0.0,1112.0,1084.0,1112.0,0.0,354553.0
2025-03-31,1079.9462890625,1080.0,0.0,1090.0,1064.5679931640625,1090.0,0.0,506679.0
2025-04-01,1084.946044921875,1085.0,0.0,1090.0,1074.0,1082.0,0.0,384885.0
2025-04-02,1073.946533203125,1074.0,0.0,1085.35205078125,1063.51904296875,1068.0,0.0,424781.0
2025-04-03,1042.9481201171875,1043.0,0.0,1050.0,1033.0,1050.0,0.0,644505.0
2025-04-04,992.4506225585938,992.5,0.0,1040.0,979.0,1040.0,0.0,878644.0
2025-04-07,961.9521484375,962.0,0.0,996.5,900.75,974.5,0.0,1681991.0
2025-04-08,984.9509887695312,985.0,0.0,1014.0,956.0,964.5,0.0,1140639.0
2025-04-09,963.9520263671876,964.0,0.0,980.0,946.0,959.5,0.0,730585.0
2025-04-10,1008.0,1008.0,4.8,1041.47802734375,981.0,981.0,0.0,972832.0
2025-04-11,994.0,994.0,0.0,1025.0,988.0,1022.0,0.0,606335.0
2025-04-14,1006.0,1006.0,0.0,1023.0,994.0,994.0,0.0,408701.0
2025-04-15,1017.0,1017.0,0.0,1024.0,1009.0,1022.0,0.0,384531.0
2025-04-16,1010.0,1010.0,0.0,1020.0,999.0609741210938,1019.0,0.0,400305.0
2025-04-17,1009.0,1009.0,0.0,1020.0,998.5,1020.0,0.0,331675.0
2025-04-22,1002.0,1002.0,0.0,1020.0,985.958984375,1020.0,0.0,432791.0
2025-04-23,1026.0,1026.0,0.0,1043.0,1009.9299926757812,1022.0,0.0,497291.0
2025-04-24,1031.0,1031.0,0.0,1042.0,1017.0,1042.0,0.0,302592.0
2025-04-25,1041.0,1041.0,0.0,1058.0,1033.8330078125,1056.0,0.0,209975.0
2025-04-28,1038.0,1038.0,0.0,1051.0,1030.0,1051.0,0.0,427459.0
2025-04-29,1036.0,1036.0,0.0,1058.0,1025.0,1058.0,0.0,232474.0
2025-04-30,1033.0,1033.0,0.0,1050.0,1033.0,1033.0,0.0,419370.0
2025-05-01,1051.0,1051.0,0.0,1055.0,1031.0,1031.0,0.0,232603.0
2025-05-02,1055.0,1055.0,0.0,1062.0,1042.0,1042.0,0.0,13154.0
