Date,Adj Close,Capital Gains,Close,Dividends,High,Low,Open,Stock Splits,Volume
2023-01-03,34.880001068115234,0.0,34.880001068115234,0.0,35.099998474121094,34.68000030517578,34.939998626708984,0.0,9173200.0
2023-01-04,35.209999084472656,0.0,35.209999084472656,0.0,35.29999923706055,35.04999923706055,35.2599983215332,0.0,6501000.0
2023-01-05,34.790000915527344,0.0,34.790000915527344,0.0,34.869998931884766,34.630001068115234,34.84000015258789,0.0,5035900.0
2023-01-06,35.43000030517578,0.0,35.43000030517578,0.0,35.47999954223633,34.91999816894531,35.0099983215332,0.0,5675800.0
2023-01-09,35.5,0.0,35.5,0.0,35.70000076293945,35.459999084472656,35.59000015258789,0.0,7575200.0
2023-01-10,35.619998931884766,0.0,35.619998931884766,0.0,35.68000030517578,35.5,35.619998931884766,0.0,3559100.0
2023-01-11,35.61000061035156,0.0,35.61000061035156,0.0,35.650001525878906,35.41999816894531,35.63999938964844,0.0,3216200.0
2023-01-12,36.02000045776367,0.0,36.02000045776367,0.0,36.02999877929688,35.66999816894531,35.88999938964844,0.0,3994400.0
2023-01-13,36.45000076293945,0.0,36.45000076293945,0.0,36.470001220703125,36.08000183105469,36.09000015258789,0.0,3621900.0
2023-01-17,36.209999084472656,0.0,36.209999084472656,0.0,36.36000061035156,36.11000061035156,36.34000015258789,0.0,4346100.0
2023-01-18,36.11000061035156,0.0,36.11000061035156,0.0,36.52999877929688,36.06999969482422,36.47999954223633,0.0,4003700.0
2023-01-19,36.68999862670898,0.0,36.68999862670898,0.0,36.709999084472656,36.31999969482422,36.380001068115234,0.0,7951300.0
2023-01-20,36.54999923706055,0.0,36.54999923706055,0.0,36.63999938964844,36.43000030517578,36.5,0.0,3434700.0
2023-01-23,36.619998931884766,0.0,36.619998931884766,0.0,36.63999938964844,36.2599983215332,36.380001068115234,0.0,4384300.0
2023-01-24,36.75,0.0,36.75,0.0,36.77000045776367,36.369998931884766,36.619998931884766,0.0,2691200.0
2023-01-25,36.93999862670898,0.0,36.93999862670898,0.0,36.959999084472656,36.560001373291016,36.56999969482422,0.0,3613000.0
2023-01-26,36.59000015258789,0.0,36.59000015258789,0.0,36.7599983215332,36.38999938964844,36.7400016784668,0.0,4210300.0
2023-01-27,36.54999923706055,0.0,36.54999923706055,0.0,36.650001525878906,36.34999847412109,36.56999969482422,0.0,5252400.0
2023-01-30,36.43999862670898,0.0,36.43999862670898,0.0,36.59000015258789,36.43000030517578,36.54999923706055,0.0,3552000.0
2023-01-31,36.59000015258789,0.0,36.59000015258789,0.0,36.630001068115234,36.40999984741211,36.470001220703125,0.0,9142800.0
2023-02-01,37.06999969482422,0.0,37.06999969482422,0.0,37.06999969482422,36.43000030517578,36.65999984741211,0.0,9936300.0
2023-02-02,36.2599983215332,0.0,36.2599983215332,0.0,36.93000030517578,36.25,36.93000030517578,0.0,6710400.0
2023-02-03,35.369998931884766,0.0,35.369998931884766,0.0,35.77000045776367,35.29999923706055,35.66999816894531,0.0,15543100.0
2023-02-06,35.45000076293945,0.0,35.45000076293945,0.0,35.58000183105469,35.33000183105469,35.5099983215332,0.0,6703900.0
2023-02-07,35.47999954223633,0.0,35.47999954223633,0.0,35.7400016784668,35.369998931884766,35.43000030517578,0.0,4747600.0
2023-02-08,35.58000183105469,0.0,35.58000183105469,0.0,35.689998626708984,35.45000076293945,35.689998626708984,0.0,4550200.0
2023-02-09,35.290000915527344,0.0,35.290000915527344,0.0,35.79999923706055,35.2599983215332,35.79999923706055,0.0,4425000.0
2023-02-10,35.349998474121094,0.0,35.349998474121094,0.0,35.43000030517578,35.220001220703125,35.41999816894531,0.0,3754100.0
2023-02-13,35.18000030517578,0.0,35.18000030517578,0.0,35.27000045776367,35.099998474121094,35.209999084472656,0.0,3793200.0
2023-02-14,35.20000076293945,0.0,35.20000076293945,0.0,35.380001068115234,34.959999084472656,35.06999969482422,0.0,5411500.0
2023-02-15,34.84000015258789,0.0,34.84000015258789,0.0,34.869998931884766,34.709999084472656,34.79999923706055,0.0,11796400.0
2023-02-16,34.84000015258789,0.0,34.84000015258789,0.0,35.0,34.66999816894531,34.72999954223633,0.0,8036900.0
2023-02-17,34.93000030517578,0.0,34.93000030517578,0.0,34.970001220703125,34.58000183105469,34.650001525878906,0.0,3329100.0
2023-02-21,34.790000915527344,0.0,34.790000915527344,0.0,34.97999954223633,34.7400016784668,34.90999984741211,0.0,3073400.0
2023-02-22,34.61000061035156,0.0,34.61000061035156,0.0,34.86000061035156,34.58000183105469,34.849998474121094,0.0,2436700.0
2023-02-23,34.58000183105469,0.0,34.58000183105469,0.0,34.70000076293945,34.47999954223633,34.63999938964844,0.0,2388800.0
2023-02-24,34.33000183105469,0.0,34.33000183105469,0.0,34.439998626708984,34.310001373291016,34.349998474121094,0.0,3821200.0
2023-02-27,34.45000076293945,0.0,34.45000076293945,0.0,34.52000045776367,34.380001068115234,34.439998626708984,0.0,3299100.0
2023-02-28,34.619998931884766,0.0,34.619998931884766,0.0,34.720001220703125,34.38999938964844,34.41999816894531,0.0,3875200.0
2023-03-01,34.84000015258789,0.0,34.84000015258789,0.0,34.97999954223633,34.7599983215332,34.86000061035156,0.0,6702300.0
2023-03-02,34.83000183105469,0.0,34.83000183105469,0.0,34.869998931884766,34.7400016784668,34.779998779296875,0.0,5495900.0
2023-03-03,35.189998626708984,0.0,35.189998626708984,0.0,35.20000076293945,34.880001068115234,34.97999954223633,0.0,3331600.0
2023-03-06,35.02000045776367,0.0,35.02000045776367,0.0,35.15999984741211,34.9900016784668,35.130001068115234,0.0,2396100.0
2023-03-07,34.380001068115234,0.0,34.380001068115234,0.0,34.77000045776367,34.369998931884766,34.7599983215332,0.0,5803600.0
2023-03-08,34.38999938964844,0.0,34.38999938964844,0.0,34.59000015258789,34.380001068115234,34.380001068115234,0.0,2423300.0
2023-03-09,34.70000076293945,0.0,34.70000076293945,0.0,34.79999923706055,34.61000061035156,34.630001068115234,0.0,3747600.0
2023-03-10,35.459999084472656,0.0,35.459999084472656,0.0,35.470001220703125,35.060001373291016,35.08000183105469,0.0,4736400.0
2023-03-13,36.290000915527344,0.0,36.290000915527344,0.0,36.310001373291016,35.959999084472656,36.02999877929688,0.0,7072500.0
2023-03-14,36.06999969482422,0.0,36.06999969482422,0.0,36.22999954223633,35.939998626708984,36.18000030517578,0.0,5613800.0
2023-03-15,36.34000015258789,0.0,36.34000015258789,0.0,36.7400016784668,36.20000076293945,36.470001220703125,0.0,7125800.0
2023-03-16,36.43000030517578,0.0,36.43000030517578,0.0,36.63999938964844,36.27999877929688,36.61000061035156,0.0,4492200.0
2023-03-17,37.4900016784668,0.0,37.4900016784668,0.0,37.68999862670898,36.880001068115234,36.91999816894531,0.0,10011100.0
2023-03-20,37.5,0.0,37.5,0.0,37.63999938964844,37.27000045776367,37.58000183105469,0.0,6969000.0
2023-03-21,36.79999923706055,0.0,36.79999923706055,0.0,37.27999877929688,36.70000076293945,37.27000045776367,0.0,7122900.0
2023-03-22,37.41999816894531,0.0,37.41999816894531,0.0,37.52000045776367,36.77999877929688,36.79999923706055,0.0,10377800.0
2023-03-23,37.900001525878906,0.0,37.900001525878906,0.0,37.9900016784668,37.459999084472656,37.5099983215332,0.0,4992600.0
2023-03-24,37.459999084472656,0.0,37.459999084472656,0.0,37.93999862670898,37.459999084472656,37.86000061035156,0.0,5887700.0
2023-03-27,37.119998931884766,0.0,37.119998931884766,0.0,37.15999984741211,36.84999847412109,36.959999084472656,0.0,3858900.0
2023-03-28,37.43000030517578,0.0,37.43000030517578,0.0,37.459999084472656,37.150001525878906,37.18999862670898,0.0,3851800.0
2023-03-29,37.2400016784668,0.0,37.2400016784668,0.0,37.38999938964844,37.18000030517578,37.22999954223633,0.0,4416000.0
2023-03-30,37.56999969482422,0.0,37.56999969482422,0.0,37.619998931884766,37.2400016784668,37.27000045776367,0.0,5241800.0
2023-03-31,37.369998931884766,0.0,37.369998931884766,0.0,37.619998931884766,37.290000915527344,37.560001373291016,0.0,4543500.0
2023-04-03,37.650001525878906,0.0,37.650001525878906,0.0,37.75,37.400001525878906,37.5099983215332,0.0,6365000.0
2023-04-04,38.34999847412109,0.0,38.34999847412109,0.0,38.400001525878906,37.66999816894531,37.68999862670898,0.0,9932400.0
2023-04-05,38.31999969482422,0.0,38.31999969482422,0.0,38.52000045776367,38.09999847412109,38.43000030517578,0.0,10352300.0
2023-04-06,38.04999923706055,0.0,38.04999923706055,0.0,38.20000076293945,37.93000030517578,38.13999938964844,0.0,5101500.0
2023-04-10,37.77000045776367,0.0,37.77000045776367,0.0,37.810001373291016,37.58000183105469,37.77000045776367,0.0,3115800.0
2023-04-11,37.9900016784668,0.0,37.9900016784668,0.0,38.04999923706055,37.880001068115234,37.90999984741211,0.0,3374500.0
2023-04-12,38.18999862670898,0.0,38.18999862670898,0.0,38.27999877929688,37.93999862670898,38.25,0.0,3652500.0
2023-04-13,38.70000076293945,0.0,38.70000076293945,0.0,38.84000015258789,38.560001373291016,38.709999084472656,0.0,7479400.0
2023-04-14,38.0099983215332,0.0,38.0099983215332,0.0,38.45000076293945,37.77999877929688,38.369998931884766,0.0,8999300.0
2023-04-17,37.86000061035156,0.0,37.86000061035156,0.0,37.93000030517578,37.560001373291016,37.91999816894531,0.0,4730900.0
2023-04-18,37.9900016784668,0.0,37.9900016784668,0.0,38.13999938964844,37.75,37.790000915527344,0.0,2732900.0
2023-04-19,37.79999923706055,0.0,37.79999923706055,0.0,37.86000061035156,37.59000015258789,37.61000061035156,0.0,3255800.0
2023-04-20,37.97999954223633,0.0,37.97999954223633,0.0,38.15999984741211,37.900001525878906,37.970001220703125,0.0,3005900.0
2023-04-21,37.59000015258789,0.0,37.59000015258789,0.0,37.880001068115234,37.380001068115234,37.72999954223633,0.0,4112900.0
2023-04-24,37.709999084472656,0.0,37.709999084472656,0.0,37.7400016784668,37.41999816894531,37.560001373291016,0.0,2865200.0
2023-04-25,37.88999938964844,0.0,37.88999938964844,0.0,37.9900016784668,37.59999847412109,37.709999084472656,0.0,3740400.0
2023-04-26,37.68000030517578,0.0,37.68000030517578,0.0,38.06999969482422,37.59999847412109,38.06999969482422,0.0,3321200.0
2023-04-27,37.68999862670898,0.0,37.68999862670898,0.0,37.7400016784668,37.40999984741211,37.52999877929688,0.0,2899900.0
2023-04-28,37.709999084472656,0.0,37.709999084472656,0.0,37.810001373291016,37.56999969482422,37.68999862670898,0.0,2992800.0
2023-05-01,37.52000045776367,0.0,37.52000045776367,0.0,37.9900016784668,37.52000045776367,37.95000076293945,0.0,6086200.0
2023-05-02,38.25,0.0,38.25,0.0,38.27999877929688,37.63999938964844,37.66999816894531,0.0,5672200.0
2023-05-03,38.56999969482422,0.0,38.56999969482422,0.0,38.59999847412109,38.13999938964844,38.27999877929688,0.0,6737600.0
2023-05-04,38.86000061035156,0.0,38.86000061035156,0.0,39.040000915527344,38.52000045776367,38.52999877929688,0.0,13324900.0
2023-05-05,38.2400016784668,0.0,38.2400016784668,0.0,38.27000045776367,37.900001525878906,38.06999969482422,0.0,4261800.0
2023-05-08,38.290000915527344,0.0,38.290000915527344,0.0,38.470001220703125,38.25,38.31999969482422,0.0,2826400.0
2023-05-09,38.54999923706055,0.0,38.54999923706055,0.0,38.630001068115234,38.369998931884766,38.380001068115234,0.0,5764400.0
2023-05-10,38.5099983215332,0.0,38.5099983215332,0.0,38.68000030517578,38.31999969482422,38.560001373291016,0.0,3556600.0
2023-05-11,38.18999862670898,0.0,38.18999862670898,0.0,38.52000045776367,38.130001068115234,38.45000076293945,0.0,4434700.0
2023-05-12,38.11000061035156,0.0,38.11000061035156,0.0,38.33000183105469,38.06999969482422,38.2400016784668,0.0,4194300.0
2023-05-15,38.18999862670898,0.0,38.18999862670898,0.0,38.33000183105469,38.16999816894531,38.209999084472656,0.0,2254500.0
2023-05-16,37.720001220703125,0.0,37.720001220703125,0.0,38.119998931884766,37.630001068115234,38.06999969482422,0.0,4522500.0
2023-05-17,37.59000015258789,0.0,37.59000015258789,0.0,37.630001068115234,37.43000030517578,37.61000061035156,0.0,4936800.0
2023-05-18,37.09000015258789,0.0,37.09000015258789,0.0,37.18999862670898,37.0,37.150001525878906,0.0,4298500.0
2023-05-19,37.45000076293945,0.0,37.45000076293945,0.0,37.61000061035156,37.09999847412109,37.18999862670898,0.0,3711500.0
2023-05-22,37.38999938964844,0.0,37.38999938964844,0.0,37.5099983215332,37.31999969482422,37.369998931884766,0.0,2746600.0
2023-05-23,37.41999816894531,0.0,37.41999816894531,0.0,37.4900016784668,37.22999954223633,37.29999923706055,0.0,3727500.0
2023-05-24,37.130001068115234,0.0,37.130001068115234,0.0,37.45000076293945,37.08000183105469,37.43999862670898,0.0,4388400.0
2023-05-25,36.7599983215332,0.0,36.7599983215332,0.0,36.9900016784668,36.75,36.970001220703125,0.0,4267500.0
2023-05-26,36.91999816894531,0.0,36.91999816894531,0.0,36.9900016784668,36.75,36.93999862670898,0.0,2158200.0
2023-05-30,37.13999938964844,0.0,37.13999938964844,0.0,37.209999084472656,36.959999084472656,37.06999969482422,0.0,3584100.0
2023-05-31,37.20000076293945,0.0,37.20000076293945,0.0,37.41999816894531,37.15999984741211,37.20000076293945,0.0,3989300.0
2023-06-01,37.4900016784668,0.0,37.4900016784668,0.0,37.58000183105469,37.290000915527344,37.29999923706055,0.0,6649400.0
2023-06-02,36.93999862670898,0.0,36.93999862670898,0.0,37.459999084472656,36.91999816894531,37.459999084472656,0.0,4971200.0
2023-06-05,37.15999984741211,0.0,37.15999984741211,0.0,37.22999954223633,36.84999847412109,36.880001068115234,0.0,3903300.0
2023-06-06,37.20000076293945,0.0,37.20000076293945,0.0,37.27000045776367,37.040000915527344,37.209999084472656,0.0,3893500.0
2023-06-07,36.7599983215332,0.0,36.7599983215332,0.0,37.34000015258789,36.7599983215332,37.119998931884766,0.0,2904200.0
2023-06-08,37.25,0.0,37.25,0.0,37.34000015258789,37.130001068115234,37.13999938964844,0.0,2998300.0
2023-06-09,37.13999938964844,0.0,37.13999938964844,0.0,37.29999923706055,37.08000183105469,37.220001220703125,0.0,2127000.0
2023-06-12,37.11000061035156,0.0,37.11000061035156,0.0,37.119998931884766,36.93999862670898,37.09000015258789,0.0,2775400.0
2023-06-13,36.83000183105469,0.0,36.83000183105469,0.0,37.22999954223633,36.7599983215332,37.15999984741211,0.0,3469400.0
2023-06-14,36.86000061035156,0.0,36.86000061035156,0.0,37.130001068115234,36.7599983215332,37.06999969482422,0.0,3469900.0
2023-06-15,37.11000061035156,0.0,37.11000061035156,0.0,37.150001525878906,36.77000045776367,36.77999877929688,0.0,6209000.0
2023-06-16,37.060001373291016,0.0,37.060001373291016,0.0,37.2599983215332,37.02000045776367,37.130001068115234,0.0,3244900.0
2023-06-20,36.68000030517578,0.0,36.68000030517578,0.0,36.75,36.56999969482422,36.7400016784668,0.0,6041900.0
2023-06-21,36.630001068115234,0.0,36.630001068115234,0.0,36.720001220703125,36.36000061035156,36.54999923706055,0.0,4377500.0
2023-06-22,36.2599983215332,0.0,36.2599983215332,0.0,36.52000045776367,36.2400016784668,36.400001525878906,0.0,5114700.0
2023-06-23,36.34999847412109,0.0,36.34999847412109,0.0,36.720001220703125,36.34000015258789,36.65999984741211,0.0,3675200.0
2023-06-26,36.41999816894531,0.0,36.41999816894531,0.0,36.540000915527344,36.40999984741211,36.52000045776367,0.0,3636600.0
2023-06-27,36.25,0.0,36.25,0.0,36.58000183105469,36.209999084472656,36.54999923706055,0.0,4944200.0
2023-06-28,36.16999816894531,0.0,36.16999816894531,0.0,36.2599983215332,36.04999923706055,36.15999984741211,0.0,3230400.0
2023-06-29,36.150001525878906,0.0,36.150001525878906,0.0,36.2400016784668,35.869998931884766,35.880001068115234,0.0,2908800.0
2023-06-30,36.38999938964844,0.0,36.38999938964844,0.0,36.43000030517578,36.18999862670898,36.25,0.0,4191000.0
2023-07-03,36.40999984741211,0.0,36.40999984741211,0.0,36.59000015258789,36.40999984741211,36.43999862670898,0.0,4865600.0
2023-07-05,36.290000915527344,0.0,36.290000915527344,0.0,36.619998931884766,36.27999877929688,36.619998931884766,0.0,5069600.0
2023-07-06,36.18000030517578,0.0,36.18000030517578,0.0,36.27999877929688,36.04999923706055,36.22999954223633,0.0,4066100.0
2023-07-07,36.459999084472656,0.0,36.459999084472656,0.0,36.650001525878906,36.38999938964844,36.38999938964844,0.0,3370000.0
2023-07-10,36.47999954223633,0.0,36.47999954223633,0.0,36.5099983215332,36.380001068115234,36.38999938964844,0.0,3863100.0
2023-07-11,36.619998931884766,0.0,36.619998931884766,0.0,36.66999816894531,36.54999923706055,36.619998931884766,0.0,3124400.0
2023-07-12,37.119998931884766,0.0,37.119998931884766,0.0,37.130001068115234,36.95000076293945,36.970001220703125,0.0,3928100.0
2023-07-13,37.13999938964844,0.0,37.13999938964844,0.0,37.16999816894531,37.02999877929688,37.130001068115234,0.0,3385600.0
2023-07-14,37.02000045776367,0.0,37.02000045776367,0.0,37.16999816894531,36.970001220703125,37.060001373291016,0.0,3924600.0
2023-07-17,37.040000915527344,0.0,37.040000915527344,0.0,37.060001373291016,36.86000061035156,36.93000030517578,0.0,3470100.0
2023-07-18,37.459999084472656,0.0,37.459999084472656,0.0,37.59999847412109,37.209999084472656,37.29999923706055,0.0,4901600.0
2023-07-19,37.47999954223633,0.0,37.47999954223633,0.0,37.5099983215332,37.31999969482422,37.41999816894531,0.0,3770400.0
2023-07-20,37.290000915527344,0.0,37.290000915527344,0.0,37.5,37.22999954223633,37.4900016784668,0.0,3403400.0
2023-07-21,37.16999816894531,0.0,37.16999816894531,0.0,37.2400016784668,37.08000183105469,37.150001525878906,0.0,3243800.0
2023-07-24,37.02000045776367,0.0,37.02000045776367,0.0,37.25,37.0099983215332,37.18000030517578,0.0,2858800.0
2023-07-25,37.220001220703125,0.0,37.220001220703125,0.0,37.2400016784668,36.97999954223633,37.08000183105469,0.0,2749700.0
2023-07-26,37.41999816894531,0.0,37.41999816894531,0.0,37.47999954223633,37.209999084472656,37.290000915527344,0.0,3752500.0
2023-07-27,36.84000015258789,0.0,36.84000015258789,0.0,37.06999969482422,36.79999923706055,37.06999969482422,0.0,4193800.0
2023-07-28,37.119998931884766,0.0,37.119998931884766,0.0,37.20000076293945,36.9900016784668,37.02999877929688,0.0,2247000.0
2023-07-31,37.20000076293945,0.0,37.20000076293945,0.0,37.369998931884766,37.20000076293945,37.22999954223633,0.0,5000500.0
2023-08-01,36.84000015258789,0.0,36.84000015258789,0.0,37.02999877929688,36.77000045776367,36.90999984741211,0.0,4240100.0
2023-08-02,36.66999816894531,0.0,36.66999816894531,0.0,36.88999938964844,36.61000061035156,36.84999847412109,0.0,10205500.0
2023-08-03,36.650001525878906,0.0,36.650001525878906,0.0,36.72999954223633,36.59000015258789,36.619998931884766,0.0,3912700.0
2023-08-04,36.77000045776367,0.0,36.77000045776367,0.0,36.88999938964844,36.709999084472656,36.77999877929688,0.0,3497900.0
2023-08-07,36.68999862670898,0.0,36.68999862670898,0.0,36.77000045776367,36.59000015258789,36.7599983215332,0.0,3171500.0
2023-08-08,36.459999084472656,0.0,36.459999084472656,0.0,36.59999847412109,36.41999816894531,36.459999084472656,0.0,3327300.0
2023-08-09,36.27999877929688,0.0,36.27999877929688,0.0,36.5099983215332,36.27999877929688,36.459999084472656,0.0,3525300.0
2023-08-10,36.2400016784668,0.0,36.2400016784668,0.0,36.470001220703125,36.22999954223633,36.369998931884766,0.0,3813800.0
2023-08-11,36.2400016784668,0.0,36.2400016784668,0.0,36.38999938964844,36.220001220703125,36.27000045776367,0.0,4330600.0
2023-08-14,36.13999938964844,0.0,36.13999938964844,0.0,36.2400016784668,36.040000915527344,36.09999847412109,0.0,3850700.0
2023-08-15,36.02999877929688,0.0,36.02999877929688,0.0,36.209999084472656,35.9900016784668,36.06999969482422,0.0,5293200.0
2023-08-16,35.83000183105469,0.0,35.83000183105469,0.0,36.11000061035156,35.83000183105469,36.04999923706055,0.0,6265900.0
2023-08-17,35.77000045776367,0.0,35.77000045776367,0.0,36.040000915527344,35.70000076293945,36.040000915527344,0.0,4111000.0
2023-08-18,35.779998779296875,0.0,35.779998779296875,0.0,35.91999816894531,35.7400016784668,35.880001068115234,0.0,3230700.0
2023-08-21,35.869998931884766,0.0,35.869998931884766,0.0,35.90999984741211,35.709999084472656,35.88999938964844,0.0,5193700.0
2023-08-22,35.939998626708984,0.0,35.939998626708984,0.0,35.970001220703125,35.779998779296875,35.88999938964844,0.0,5514300.0
2023-08-23,36.310001373291016,0.0,36.310001373291016,0.0,36.369998931884766,36.150001525878906,36.18999862670898,0.0,9952000.0
2023-08-24,36.29999923706055,0.0,36.29999923706055,0.0,36.43000030517578,36.209999084472656,36.25,0.0,13451700.0
2023-08-25,36.2599983215332,0.0,36.2599983215332,0.0,36.40999984741211,36.060001373291016,36.2400016784668,0.0,10726200.0
2023-08-28,36.369998931884766,0.0,36.369998931884766,0.0,36.47999954223633,36.22999954223633,36.25,0.0,3971100.0
2023-08-29,36.70000076293945,0.0,36.70000076293945,0.0,36.709999084472656,36.31999969482422,36.34000015258789,0.0,7662700.0
2023-08-30,36.810001373291016,0.0,36.810001373291016,0.0,36.91999816894531,36.79999923706055,36.86000061035156,0.0,3052900.0
2023-08-31,36.75,0.0,36.75,0.0,36.84000015258789,36.72999954223633,36.810001373291016,0.0,4103800.0
2023-09-01,36.7599983215332,0.0,36.7599983215332,0.0,36.959999084472656,36.63999938964844,36.900001525878906,0.0,5390900.0
2023-09-05,36.47999954223633,0.0,36.47999954223633,0.0,36.619998931884766,36.459999084472656,36.59000015258789,0.0,6052500.0
2023-09-06,36.290000915527344,0.0,36.290000915527344,0.0,36.540000915527344,36.27000045776367,36.400001525878906,0.0,4283300.0
2023-09-07,36.34000015258789,0.0,36.34000015258789,0.0,36.40999984741211,36.310001373291016,36.38999938964844,0.0,2488800.0
2023-09-08,36.34999847412109,0.0,36.34999847412109,0.0,36.54999923706055,36.310001373291016,36.400001525878906,0.0,4047200.0
2023-09-11,36.40999984741211,0.0,36.40999984741211,0.0,36.560001373291016,36.38999938964844,36.52999877929688,0.0,3745400.0
2023-09-12,36.22999954223633,0.0,36.22999954223633,0.0,36.27000045776367,36.13999938964844,36.15999984741211,0.0,3217100.0
2023-09-13,36.150001525878906,0.0,36.150001525878906,0.0,36.27999877929688,36.13999938964844,36.22999954223633,0.0,4008000.0
2023-09-14,36.16999816894531,0.0,36.16999816894531,0.0,36.209999084472656,36.0,36.02000045776367,0.0,3931000.0
2023-09-15,36.41999816894531,0.0,36.41999816894531,0.0,36.560001373291016,36.400001525878906,36.45000076293945,0.0,3645900.0
2023-09-18,36.619998931884766,0.0,36.619998931884766,0.0,36.619998931884766,36.40999984741211,36.5099983215332,0.0,3315000.0
2023-09-19,36.58000183105469,0.0,36.58000183105469,0.0,36.66999816894531,36.540000915527344,36.650001525878906,0.0,3494200.0
2023-09-20,36.61000061035156,0.0,36.61000061035156,0.0,36.880001068115234,36.59999847412109,36.59999847412109,0.0,5323300.0
2023-09-21,36.34000015258789,0.0,36.34000015258789,0.0,36.43999862670898,36.27000045776367,36.29999923706055,0.0,5921000.0
2023-09-22,36.459999084472656,0.0,36.459999084472656,0.0,36.52999877929688,36.43999862670898,36.470001220703125,0.0,2650700.0
2023-09-25,36.27000045776367,0.0,36.27000045776367,0.0,36.47999954223633,36.2599983215332,36.41999816894531,0.0,27029800.0
2023-09-26,35.97999954223633,0.0,35.97999954223633,0.0,36.15999984741211,35.959999084472656,36.09000015258789,0.0,6387600.0
2023-09-27,35.540000915527344,0.0,35.540000915527344,0.0,35.779998779296875,35.45000076293945,35.77000045776367,0.0,3860800.0
2023-09-28,35.349998474121094,0.0,35.349998474121094,0.0,35.540000915527344,35.16999816894531,35.4900016784668,0.0,6333900.0
2023-09-29,34.9900016784668,0.0,34.9900016784668,0.0,35.52000045776367,34.959999084472656,35.4900016784668,0.0,9430300.0
2023-10-02,34.63999938964844,0.0,34.63999938964844,0.0,34.79999923706055,34.599998474121094,34.75,0.0,9975900.0
2023-10-03,34.529998779296875,0.0,34.529998779296875,0.0,34.709999084472656,34.45000076293945,34.529998779296875,0.0,9486800.0
2023-10-04,34.52000045776367,0.0,34.52000045776367,0.0,34.59000015258789,34.38999938964844,34.540000915527344,0.0,7561800.0
2023-10-05,34.470001220703125,0.0,34.470001220703125,0.0,34.4900016784668,34.349998474121094,34.45000076293945,0.0,6622900.0
2023-10-06,34.63999938964844,0.0,34.63999938964844,0.0,34.75,34.400001525878906,34.529998779296875,0.0,5810400.0
2023-10-09,35.290000915527344,0.0,35.290000915527344,0.0,35.290000915527344,34.93000030517578,34.95000076293945,0.0,5575500.0
2023-10-10,35.220001220703125,0.0,35.220001220703125,0.0,35.27000045776367,35.09000015258789,35.130001068115234,0.0,3962600.0
2023-10-11,35.47999954223633,0.0,35.47999954223633,0.0,35.540000915527344,35.380001068115234,35.439998626708984,0.0,4847100.0
2023-10-12,35.369998931884766,0.0,35.369998931884766,0.0,35.56999969482422,35.36000061035156,35.540000915527344,0.0,4539200.0
2023-10-13,36.5,0.0,36.5,0.0,36.560001373291016,36.08000183105469,36.119998931884766,0.0,9630100.0
2023-10-16,36.34000015258789,0.0,36.34000015258789,0.0,36.40999984741211,36.25,36.310001373291016,0.0,3196500.0
2023-10-17,36.38999938964844,0.0,36.38999938964844,0.0,36.56999969482422,36.34000015258789,36.40999984741211,0.0,3590100.0
2023-10-18,36.91999816894531,0.0,36.91999816894531,0.0,37.15999984741211,36.70000076293945,36.93000030517578,0.0,7123600.0
2023-10-19,37.369998931884766,0.0,37.369998931884766,0.0,37.45000076293945,36.90999984741211,36.959999084472656,0.0,17552200.0
2023-10-20,37.470001220703125,0.0,37.470001220703125,0.0,37.81999969482422,37.380001068115234,37.45000076293945,0.0,8379100.0
2023-10-23,37.34999847412109,0.0,37.34999847412109,0.0,37.470001220703125,37.29999923706055,37.459999084472656,0.0,6055900.0
2023-10-24,37.34000015258789,0.0,37.34000015258789,0.0,37.43999862670898,37.09999847412109,37.16999816894531,0.0,4706300.0
2023-10-25,37.5099983215332,0.0,37.5099983215332,0.0,37.630001068115234,37.15999984741211,37.43999862670898,0.0,9453400.0
2023-10-26,37.56999969482422,0.0,37.56999969482422,0.0,37.66999816894531,37.34000015258789,37.43000030517578,0.0,5847600.0
2023-10-27,38.0099983215332,0.0,38.0099983215332,0.0,38.040000915527344,37.459999084472656,37.52999877929688,0.0,8503800.0
2023-10-30,37.790000915527344,0.0,37.790000915527344,0.0,37.90999984741211,37.720001220703125,37.88999938964844,0.0,5245300.0
2023-10-31,37.59000015258789,0.0,37.59000015258789,0.0,38.02000045776367,37.459999084472656,37.79999923706055,0.0,9450600.0
2023-11-01,37.459999084472656,0.0,37.459999084472656,0.0,37.7599983215332,37.29999923706055,37.54999923706055,0.0,13901600.0
2023-11-02,37.59999847412109,0.0,37.59999847412109,0.0,37.619998931884766,37.470001220703125,37.59999847412109,0.0,4212100.0
2023-11-03,37.72999954223633,0.0,37.72999954223633,0.0,37.869998931884766,37.630001068115234,37.650001525878906,0.0,8184200.0
2023-11-06,37.43000030517578,0.0,37.43000030517578,0.0,37.619998931884766,37.43000030517578,37.58000183105469,0.0,4440600.0
2023-11-07,37.27000045776367,0.0,37.27000045776367,0.0,37.29999923706055,37.11000061035156,37.209999084472656,0.0,3335300.0
2023-11-08,36.900001525878906,0.0,36.900001525878906,0.0,37.16999816894531,36.869998931884766,37.15999984741211,0.0,4444900.0
2023-11-09,37.040000915527344,0.0,37.040000915527344,0.0,37.220001220703125,36.93999862670898,36.93999862670898,0.0,3906000.0
2023-11-10,36.63999938964844,0.0,36.63999938964844,0.0,36.869998931884766,36.59999847412109,36.84999847412109,0.0,4048000.0
2023-11-13,36.86000061035156,0.0,36.86000061035156,0.0,36.900001525878906,36.56999969482422,36.619998931884766,0.0,3391400.0
2023-11-14,37.18000030517578,0.0,37.18000030517578,0.0,37.310001373291016,37.08000183105469,37.09999847412109,0.0,4491100.0
2023-11-15,37.08000183105469,0.0,37.08000183105469,0.0,37.18999862670898,37.02000045776367,37.15999984741211,0.0,3748200.0
2023-11-16,37.5,0.0,37.5,0.0,37.630001068115234,37.31999969482422,37.31999969482422,0.0,11087200.0
2023-11-17,37.5,0.0,37.5,0.0,37.59000015258789,37.45000076293945,37.56999969482422,0.0,3852000.0
2023-11-20,37.43000030517578,0.0,37.43000030517578,0.0,37.470001220703125,37.209999084472656,37.220001220703125,0.0,3418400.0
2023-11-21,37.83000183105469,0.0,37.83000183105469,0.0,38.0,37.77999877929688,37.88999938964844,0.0,4190200.0
2023-11-22,37.66999816894531,0.0,37.66999816894531,0.0,37.91999816894531,37.619998931884766,37.880001068115234,0.0,3600100.0
2023-11-24,37.869998931884766,0.0,37.869998931884766,0.0,37.91999816894531,37.810001373291016,37.880001068115234,0.0,2195200.0
2023-11-27,38.13999938964844,0.0,38.13999938964844,0.0,38.13999938964844,37.959999084472656,38.08000183105469,0.0,3471500.0
2023-11-28,38.63999938964844,0.0,38.63999938964844,0.0,38.66999816894531,38.290000915527344,38.369998931884766,0.0,6862500.0
2023-11-29,38.709999084472656,0.0,38.709999084472656,0.0,38.79999923706055,38.59000015258789,38.61000061035156,0.0,3950600.0
2023-11-30,38.540000915527344,0.0,38.540000915527344,0.0,38.63999938964844,38.45000076293945,38.56999969482422,0.0,4804300.0
2023-12-01,39.209999084472656,0.0,39.209999084472656,0.0,39.290000915527344,38.52999877929688,38.54999923706055,0.0,9146400.0
2023-12-04,38.369998931884766,0.0,38.369998931884766,0.0,38.869998931884766,38.2400016784668,38.720001220703125,0.0,10871900.0
2023-12-05,38.220001220703125,0.0,38.220001220703125,0.0,38.36000061035156,38.040000915527344,38.310001373291016,0.0,7458200.0
2023-12-06,38.36000061035156,0.0,38.36000061035156,0.0,38.47999954223633,38.290000915527344,38.459999084472656,0.0,13756600.0
2023-12-07,38.41999816894531,0.0,38.41999816894531,0.0,38.5,38.2400016784668,38.4900016784668,0.0,4702400.0
2023-12-08,37.900001525878906,0.0,37.900001525878906,0.0,38.130001068115234,37.7599983215332,37.970001220703125,0.0,6003300.0
2023-12-11,37.5,0.0,37.5,0.0,37.68000030517578,37.400001525878906,37.66999816894531,0.0,4519400.0
2023-12-12,37.470001220703125,0.0,37.470001220703125,0.0,37.56999969482422,37.41999816894531,37.540000915527344,0.0,3458200.0
2023-12-13,38.31999969482422,0.0,38.31999969482422,0.0,38.31999969482422,37.45000076293945,37.52999877929688,0.0,8152900.0
2023-12-14,38.54999923706055,0.0,38.54999923706055,0.0,38.7599983215332,38.40999984741211,38.56999969482422,0.0,5091300.0
2023-12-15,38.18000030517578,0.0,38.18000030517578,0.0,38.59000015258789,38.150001525878906,38.5,0.0,5047700.0
2023-12-18,38.36000061035156,0.0,38.36000061035156,0.0,38.4900016784668,38.2400016784668,38.29999923706055,0.0,3414700.0
2023-12-19,38.619998931884766,0.0,38.619998931884766,0.0,38.7400016784668,38.41999816894531,38.43999862670898,0.0,4220400.0
2023-12-20,38.40999984741211,0.0,38.40999984741211,0.0,38.59000015258789,38.40999984741211,38.52999877929688,0.0,4208800.0
2023-12-21,38.68000030517578,0.0,38.68000030517578,0.0,38.720001220703125,38.540000915527344,38.650001525878906,0.0,3816900.0
2023-12-22,38.86000061035156,0.0,38.86000061035156,0.0,39.18000030517578,38.81999969482422,39.119998931884766,0.0,3939700.0
2023-12-26,39.13999938964844,0.0,39.13999938964844,0.0,39.150001525878906,38.880001068115234,38.9900016784668,0.0,3389700.0
2023-12-27,39.34000015258789,0.0,39.34000015258789,0.0,39.45000076293945,39.119998931884766,39.150001525878906,0.0,4250300.0
2023-12-28,39.09999847412109,0.0,39.09999847412109,0.0,39.38999938964844,39.09999847412109,39.27000045776367,0.0,3614000.0
2023-12-29,39.02999877929688,0.0,39.02999877929688,0.0,39.13999938964844,38.959999084472656,39.0,0.0,4876400.0
2024-01-02,38.93999862670898,0.0,38.93999862670898,0.0,39.18000030517578,38.900001525878906,39.09000015258789,0.0,5501500.0
2024-01-03,38.63999938964844,0.0,38.63999938964844,0.0,38.77000045776367,38.41999816894531,38.540000915527344,0.0,11331500.0
2024-01-04,38.66999816894531,0.0,38.66999816894531,0.0,38.75,38.540000915527344,38.619998931884766,0.0,4091300.0
2024-01-05,38.65999984741211,0.0,38.65999984741211,0.0,39.060001373291016,38.619998931884766,38.7400016784668,0.0,6061500.0
2024-01-08,38.369998931884766,0.0,38.369998931884766,0.0,38.54999923706055,38.209999084472656,38.220001220703125,0.0,4861400.0
2024-01-09,38.380001068115234,0.0,38.380001068115234,0.0,38.54999923706055,38.34000015258789,38.52999877929688,0.0,4676500.0
2024-01-10,38.29999923706055,0.0,38.29999923706055,0.0,38.4900016784668,38.22999954223633,38.40999984741211,0.0,4666100.0
2024-01-11,38.369998931884766,0.0,38.369998931884766,0.0,38.5099983215332,38.09999847412109,38.400001525878906,0.0,6380800.0
2024-01-12,38.75,0.0,38.75,0.0,39.02000045776367,38.630001068115234,38.93999862670898,0.0,4326100.0
2024-01-16,38.38999938964844,0.0,38.38999938964844,0.0,38.650001525878906,38.29999923706055,38.630001068115234,0.0,6529800.0
2024-01-17,37.95000076293945,0.0,37.95000076293945,0.0,38.27000045776367,37.880001068115234,38.25,0.0,4914100.0
2024-01-18,38.27000045776367,0.0,38.27000045776367,0.0,38.27000045776367,38.040000915527344,38.060001373291016,0.0,4755100.0
2024-01-19,38.38999938964844,0.0,38.38999938964844,0.0,38.459999084472656,38.27999877929688,38.45000076293945,0.0,6115000.0
2024-01-22,38.2400016784668,0.0,38.2400016784668,0.0,38.34999847412109,38.15999984741211,38.2400016784668,0.0,4290300.0
2024-01-23,38.38999938964844,0.0,38.38999938964844,0.0,38.41999816894531,38.25,38.290000915527344,0.0,3935300.0
2024-01-24,38.08000183105469,0.0,38.08000183105469,0.0,38.47999954223633,38.060001373291016,38.459999084472656,0.0,6266800.0
2024-01-25,38.22999954223633,0.0,38.22999954223633,0.0,38.31999969482422,38.08000183105469,38.27000045776367,0.0,4637800.0
2024-01-26,38.18000030517578,0.0,38.18000030517578,0.0,38.27000045776367,38.13999938964844,38.25,0.0,3288100.0
2024-01-29,38.459999084472656,0.0,38.459999084472656,0.0,38.5099983215332,38.2400016784668,38.459999084472656,0.0,3503900.0
2024-01-30,38.5099983215332,0.0,38.5099983215332,0.0,38.77000045776367,38.38999938964844,38.7400016784668,0.0,4125600.0
2024-01-31,38.4900016784668,0.0,38.4900016784668,0.0,38.900001525878906,38.41999816894531,38.66999816894531,0.0,9428800.0
2024-02-01,38.88999938964844,0.0,38.88999938964844,0.0,39.08000183105469,38.59999847412109,38.7400016784668,0.0,6332000.0
2024-02-02,38.5099983215332,0.0,38.5099983215332,0.0,38.58000183105469,38.369998931884766,38.40999984741211,0.0,6094800.0
2024-02-05,38.29999923706055,0.0,38.29999923706055,0.0,38.36000061035156,38.130001068115234,38.18000030517578,0.0,4479700.0
2024-02-06,38.52000045776367,0.0,38.52000045776367,0.0,38.56999969482422,38.34999847412109,38.380001068115234,0.0,4402700.0
2024-02-07,38.4900016784668,0.0,38.4900016784668,0.0,38.68000030517578,38.459999084472656,38.5,0.0,10268500.0
2024-02-08,38.45000076293945,0.0,38.45000076293945,0.0,38.5099983215332,38.36000061035156,38.369998931884766,0.0,6003000.0
2024-02-09,38.31999969482422,0.0,38.31999969482422,0.0,38.34999847412109,38.220001220703125,38.29999923706055,0.0,5216900.0
2024-02-12,38.22999954223633,0.0,38.22999954223633,0.0,38.25,38.06999969482422,38.11000061035156,0.0,4698700.0
2024-02-13,37.68999862670898,0.0,37.68999862670898,0.0,37.869998931884766,37.650001525878906,37.86000061035156,0.0,6273200.0
2024-02-14,37.65999984741211,0.0,37.65999984741211,0.0,37.77000045776367,37.52999877929688,37.630001068115234,0.0,4572300.0
2024-02-15,37.93000030517578,0.0,37.93000030517578,0.0,38.0,37.810001373291016,37.900001525878906,0.0,3728300.0
2024-02-16,38.06999969482422,0.0,38.06999969482422,0.0,38.130001068115234,37.7599983215332,37.79999923706055,0.0,4780000.0
2024-02-20,38.310001373291016,0.0,38.310001373291016,0.0,38.40999984741211,38.27999877929688,38.38999938964844,0.0,3655900.0
2024-02-21,38.29999923706055,0.0,38.29999923706055,0.0,38.40999984741211,38.220001220703125,38.38999938964844,0.0,4595300.0
2024-02-22,38.29999923706055,0.0,38.29999923706055,0.0,38.33000183105469,38.209999084472656,38.29999923706055,0.0,6745400.0
2024-02-23,38.52000045776367,0.0,38.52000045776367,0.0,38.630001068115234,38.290000915527344,38.310001373291016,0.0,5511700.0
2024-02-26,38.43999862670898,0.0,38.43999862670898,0.0,38.47999954223633,38.310001373291016,38.369998931884766,0.0,3250000.0
2024-02-27,38.400001525878906,0.0,38.400001525878906,0.0,38.560001373291016,38.380001068115234,38.52000045776367,0.0,4310100.0
2024-02-28,38.47999954223633,0.0,38.47999954223633,0.0,38.5099983215332,38.40999984741211,38.47999954223633,0.0,4488900.0
2024-02-29,38.650001525878906,0.0,38.650001525878906,0.0,38.790000915527344,38.650001525878906,38.7400016784668,0.0,5022500.0
2024-03-01,39.400001525878906,0.0,39.400001525878906,0.0,39.5,38.650001525878906,38.86000061035156,0.0,7671300.0
2024-03-04,40.04999923706055,0.0,40.04999923706055,0.0,40.09999847412109,39.61000061035156,39.65999984741211,0.0,7202000.0
2024-03-05,40.290000915527344,0.0,40.290000915527344,0.0,40.470001220703125,40.16999816894531,40.33000183105469,0.0,6286300.0
2024-03-06,40.61000061035156,0.0,40.61000061035156,0.0,40.709999084472656,40.33000183105469,40.459999084472656,0.0,7684700.0
2024-03-07,40.83000183105469,0.0,40.83000183105469,0.0,40.880001068115234,40.63999938964844,40.7599983215332,0.0,4896200.0
2024-03-08,41.18000030517578,0.0,41.18000030517578,0.0,41.52999877929688,40.95000076293945,41.02999877929688,0.0,7155000.0
2024-03-11,41.25,0.0,41.25,0.0,41.34999847412109,41.15999984741211,41.209999084472656,0.0,4029300.0
2024-03-12,40.810001373291016,0.0,40.810001373291016,0.0,40.97999954223633,40.68000030517578,40.95000076293945,0.0,5770300.0
2024-03-13,41.09999847412109,0.0,41.09999847412109,0.0,41.2400016784668,40.91999816894531,40.93999862670898,0.0,5811300.0
2024-03-14,40.91999816894531,0.0,40.91999816894531,0.0,40.95000076293945,40.720001220703125,40.93000030517578,0.0,4749500.0
2024-03-15,40.79999923706055,0.0,40.79999923706055,0.0,40.97999954223633,40.77000045776367,40.83000183105469,0.0,3702100.0
2024-03-18,40.84999847412109,0.0,40.84999847412109,0.0,40.880001068115234,40.7599983215332,40.77999877929688,0.0,3292000.0
2024-03-19,40.81999969482422,0.0,40.81999969482422,0.0,40.81999969482422,40.63999938964844,40.77000045776367,0.0,4232700.0
2024-03-20,41.29999923706055,0.0,41.29999923706055,0.0,41.400001525878906,40.66999816894531,40.70000076293945,0.0,8238500.0
2024-03-21,41.2599983215332,0.0,41.2599983215332,0.0,41.65999984741211,40.97999954223633,41.650001525878906,0.0,6654300.0
2024-03-22,40.93000030517578,0.0,40.93000030517578,0.0,41.22999954223633,40.810001373291016,41.130001068115234,0.0,5018500.0
2024-03-25,41.04999923706055,0.0,41.04999923706055,0.0,41.2599983215332,41.04999923706055,41.09999847412109,0.0,4264500.0
2024-03-26,41.20000076293945,0.0,41.20000076293945,0.0,41.41999816894531,41.08000183105469,41.40999984741211,0.0,4900800.0
2024-03-27,41.4900016784668,0.0,41.4900016784668,0.0,41.52000045776367,41.33000183105469,41.34000015258789,0.0,3653800.0
2024-03-28,42.0099983215332,0.0,42.0099983215332,0.0,42.09000015258789,41.650001525878906,41.790000915527344,0.0,7533800.0
2024-04-01,42.459999084472656,0.0,42.459999084472656,0.0,42.63999938964844,42.150001525878906,42.619998931884766,0.0,20547700.0
2024-04-02,43.09000015258789,0.0,43.09000015258789,0.0,43.11000061035156,42.56999969482422,42.70000076293945,0.0,12232700.0
2024-04-03,43.459999084472656,0.0,43.459999084472656,0.0,43.47999954223633,42.959999084472656,43.02000045776367,0.0,11442600.0
2024-04-04,43.220001220703125,0.0,43.220001220703125,0.0,43.59999847412109,43.11000061035156,43.31999969482422,0.0,13660600.0
2024-04-05,43.95000076293945,0.0,43.95000076293945,0.0,44.06999969482422,43.36000061035156,43.41999816894531,0.0,7464700.0
2024-04-08,44.22999954223633,0.0,44.22999954223633,0.0,44.290000915527344,43.84999847412109,44.130001068115234,0.0,6397900.0
2024-04-09,44.470001220703125,0.0,44.470001220703125,0.0,44.709999084472656,44.220001220703125,44.5,0.0,12397700.0
2024-04-10,44.040000915527344,0.0,44.040000915527344,0.0,44.4900016784668,43.86000061035156,44.0099983215332,0.0,16560800.0
2024-04-11,44.88999938964844,0.0,44.88999938964844,0.0,44.90999984741211,44.11000061035156,44.29999923706055,0.0,8728400.0
2024-04-12,44.29999923706055,0.0,44.29999923706055,0.0,45.97999954223633,44.13999938964844,45.31999969482422,0.0,18858800.0
2024-04-15,45.130001068115234,0.0,45.130001068115234,0.0,45.150001525878906,43.95000076293945,44.52000045776367,0.0,15443500.0
2024-04-16,45.18000030517578,0.0,45.18000030517578,0.0,45.36000061035156,44.70000076293945,44.9900016784668,0.0,15691000.0
2024-04-17,44.86000061035156,0.0,44.86000061035156,0.0,45.29999923706055,44.650001525878906,45.16999816894531,0.0,12024700.0
2024-04-18,45.0,0.0,45.0,0.0,45.25,44.810001373291016,45.209999084472656,0.0,8014800.0
2024-04-19,45.13999938964844,0.0,45.13999938964844,0.0,45.43000030517578,44.959999084472656,45.040000915527344,0.0,7874200.0
2024-04-22,44.040000915527344,0.0,44.040000915527344,0.0,44.31999969482422,43.959999084472656,44.18999862670898,0.0,8875600.0
2024-04-23,43.90999984741211,0.0,43.90999984741211,0.0,44.09999847412109,43.68999862670898,43.720001220703125,0.0,8383700.0
2024-04-24,43.86000061035156,0.0,43.86000061035156,0.0,44.20000076293945,43.79999923706055,43.880001068115234,0.0,5185400.0
2024-04-25,44.11000061035156,0.0,44.11000061035156,0.0,44.34000015258789,43.790000915527344,43.810001373291016,0.0,8203500.0
2024-04-26,44.2599983215332,0.0,44.2599983215332,0.0,44.34000015258789,44.040000915527344,44.290000915527344,0.0,6147500.0
2024-04-29,44.15999984741211,0.0,44.15999984741211,0.0,44.380001068115234,43.97999954223633,44.13999938964844,0.0,8695100.0
2024-04-30,43.29999923706055,0.0,43.29999923706055,0.0,43.7400016784668,43.27999877929688,43.59000015258789,0.0,9230500.0
2024-05-01,43.68999862670898,0.0,43.68999862670898,0.0,44.02999877929688,43.400001525878906,43.52000045776367,0.0,11788600.0
2024-05-02,43.54999923706055,0.0,43.54999923706055,0.0,43.65999984741211,43.209999084472656,43.310001373291016,0.0,6727500.0
2024-05-03,43.52000045776367,0.0,43.52000045776367,0.0,43.560001373291016,43.04999923706055,43.5,0.0,10297100.0
2024-05-06,43.95000076293945,0.0,43.95000076293945,0.0,44.11000061035156,43.81999969482422,43.970001220703125,0.0,5693300.0
2024-05-07,43.7599983215332,0.0,43.7599983215332,0.0,43.91999816894531,43.70000076293945,43.84000015258789,0.0,5484200.0
2024-05-08,43.650001525878906,0.0,43.650001525878906,0.0,43.88999938964844,43.619998931884766,43.63999938964844,0.0,6209600.0
2024-05-09,44.33000183105469,0.0,44.33000183105469,0.0,44.33000183105469,43.810001373291016,43.83000183105469,0.0,6346300.0
2024-05-10,44.68000030517578,0.0,44.68000030517578,0.0,44.869998931884766,44.560001373291016,44.77999877929688,0.0,6638600.0
2024-05-13,44.20000076293945,0.0,44.20000076293945,0.0,44.40999984741211,44.09999847412109,44.34999847412109,0.0,5281600.0
2024-05-14,44.56999969482422,0.0,44.56999969482422,0.0,44.619998931884766,44.34000015258789,44.400001525878906,0.0,5675600.0
2024-05-15,45.130001068115234,0.0,45.130001068115234,0.0,45.18999862670898,44.470001220703125,44.7599983215332,0.0,7731600.0
2024-05-16,44.970001220703125,0.0,44.970001220703125,0.0,45.06999969482422,44.83000183105469,44.97999954223633,0.0,4208700.0
2024-05-17,45.68999862670898,0.0,45.68999862670898,0.0,45.7400016784668,45.29999923706055,45.400001525878906,0.0,7306500.0
2024-05-20,45.88999938964844,0.0,45.88999938964844,0.0,46.09000015258789,45.56999969482422,45.72999954223633,0.0,5668500.0
2024-05-21,45.81999969482422,0.0,45.81999969482422,0.0,46.0099983215332,45.709999084472656,45.91999816894531,0.0,4511600.0
2024-05-22,44.9900016784668,0.0,44.9900016784668,0.0,45.61000061035156,44.900001525878906,45.59000015258789,0.0,7061300.0
2024-05-23,44.06999969482422,0.0,44.06999969482422,0.0,44.79999923706055,44.06999969482422,44.68999862670898,0.0,8015300.0
2024-05-24,44.119998931884766,0.0,44.119998931884766,0.0,44.38999938964844,44.09000015258789,44.34000015258789,0.0,4116500.0
2024-05-28,44.56999969482422,0.0,44.56999969482422,0.0,44.66999816894531,44.380001068115234,44.63999938964844,0.0,5092900.0
2024-05-29,44.15999984741211,0.0,44.15999984741211,0.0,44.36000061035156,44.15999984741211,44.310001373291016,0.0,6020900.0
2024-05-30,44.2400016784668,0.0,44.2400016784668,0.0,44.43999862670898,44.220001220703125,44.27000045776367,0.0,3404500.0
2024-05-31,43.9900016784668,0.0,43.9900016784668,0.0,44.52999877929688,43.869998931884766,44.5,0.0,5267800.0
2024-06-03,44.38999938964844,0.0,44.38999938964844,0.0,44.5099983215332,44.04999923706055,44.11000061035156,0.0,5176200.0
2024-06-04,43.97999954223633,0.0,43.97999954223633,0.0,44.18999862670898,43.77000045776367,44.18000030517578,0.0,4147000.0
2024-06-05,44.4900016784668,0.0,44.4900016784668,0.0,44.56999969482422,44.119998931884766,44.27000045776367,0.0,4581900.0
2024-06-06,44.84000015258789,0.0,44.84000015258789,0.0,44.95000076293945,44.56999969482422,44.619998931884766,0.0,3911700.0
2024-06-07,43.2400016784668,0.0,43.2400016784668,0.0,43.970001220703125,43.2400016784668,43.959999084472656,0.0,8422000.0
2024-06-10,43.630001068115234,0.0,43.630001068115234,0.0,43.7400016784668,43.47999954223633,43.54999923706055,0.0,3013500.0
2024-06-11,43.77000045776367,0.0,43.77000045776367,0.0,43.810001373291016,43.58000183105469,43.720001220703125,0.0,2586400.0
2024-06-12,43.880001068115234,0.0,43.880001068115234,0.0,44.25,43.77000045776367,44.2400016784668,0.0,7247300.0
2024-06-13,43.52999877929688,0.0,43.52999877929688,0.0,43.93000030517578,43.380001068115234,43.81999969482422,0.0,3185200.0
2024-06-14,44.08000183105469,0.0,44.08000183105469,0.0,44.150001525878906,43.93000030517578,43.9900016784668,0.0,3424500.0
2024-06-17,43.84999847412109,0.0,43.84999847412109,0.0,43.97999954223633,43.650001525878906,43.90999984741211,0.0,3553200.0
2024-06-18,44.02999877929688,0.0,44.02999877929688,0.0,44.09999847412109,43.7400016784668,43.79999923706055,0.0,4548500.0
2024-06-20,44.58000183105469,0.0,44.58000183105469,0.0,44.68999862670898,44.16999816894531,44.209999084472656,0.0,5276300.0
2024-06-21,43.88999938964844,0.0,43.88999938964844,0.0,44.52999877929688,43.790000915527344,44.52000045776367,0.0,5793300.0
2024-06-24,44.08000183105469,0.0,44.08000183105469,0.0,44.130001068115234,43.97999954223633,44.04999923706055,0.0,3260000.0
2024-06-25,43.84999847412109,0.0,43.84999847412109,0.0,44.0,43.7599983215332,43.93000030517578,0.0,3183500.0
2024-06-26,43.459999084472656,0.0,43.459999084472656,0.0,43.540000915527344,43.34999847412109,43.40999984741211,0.0,4411700.0
2024-06-27,43.959999084472656,0.0,43.959999084472656,0.0,44.040000915527344,43.81999969482422,43.880001068115234,0.0,3302500.0
2024-06-28,43.93000030517578,0.0,43.93000030517578,0.0,44.09999847412109,43.900001525878906,44.04999923706055,0.0,2696000.0
2024-07-01,44.060001373291016,0.0,44.060001373291016,0.0,44.11000061035156,43.84000015258789,43.9900016784668,0.0,4481200.0
2024-07-02,44.060001373291016,0.0,44.060001373291016,0.0,44.150001525878906,43.869998931884766,44.0,0.0,4599800.0
2024-07-03,44.54999923706055,0.0,44.54999923706055,0.0,44.70000076293945,44.40999984741211,44.40999984741211,0.0,3078500.0
2024-07-05,45.150001525878906,0.0,45.150001525878906,0.0,45.22999954223633,44.869998931884766,44.880001068115234,0.0,4813300.0
2024-07-08,44.59999847412109,0.0,44.59999847412109,0.0,44.970001220703125,44.43999862670898,44.88999938964844,0.0,3848900.0
2024-07-09,44.65999984741211,0.0,44.65999984741211,0.0,44.810001373291016,44.400001525878906,44.66999816894531,0.0,3114400.0
2024-07-10,44.83000183105469,0.0,44.83000183105469,0.0,45.11000061035156,44.790000915527344,44.9900016784668,0.0,3974100.0
2024-07-11,45.630001068115234,0.0,45.630001068115234,0.0,45.810001373291016,45.2599983215332,45.5099983215332,0.0,5311200.0
2024-07-12,45.61000061035156,0.0,45.61000061035156,0.0,45.70000076293945,45.34999847412109,45.38999938964844,0.0,3279400.0
2024-07-15,45.7599983215332,0.0,45.7599983215332,0.0,46.09999847412109,45.58000183105469,45.65999984741211,0.0,3046800.0
2024-07-16,46.65999984741211,0.0,46.65999984741211,0.0,46.65999984741211,46.04999923706055,46.06999969482422,0.0,7066500.0
2024-07-17,46.43999862670898,0.0,46.43999862670898,0.0,46.93000030517578,46.33000183105469,46.7599983215332,0.0,4801400.0
2024-07-18,46.150001525878906,0.0,46.150001525878906,0.0,46.65999984741211,46.11000061035156,46.52999877929688,0.0,4080800.0
2024-07-19,45.31999969482422,0.0,45.31999969482422,0.0,45.5099983215332,45.25,45.27999877929688,0.0,4611000.0
2024-07-22,45.33000183105469,0.0,45.33000183105469,0.0,45.36000061035156,45.04999923706055,45.290000915527344,0.0,2748300.0
2024-07-23,45.4900016784668,0.0,45.4900016784668,0.0,45.52999877929688,45.34000015258789,45.43000030517578,0.0,2200300.0
2024-07-24,45.310001373291016,0.0,45.310001373291016,0.0,45.959999084472656,45.310001373291016,45.68000030517578,0.0,4548400.0
2024-07-25,44.619998931884766,0.0,44.619998931884766,0.0,44.810001373291016,44.459999084472656,44.77999877929688,0.0,5045100.0
2024-07-26,45.08000183105469,0.0,45.08000183105469,0.0,45.18000030517578,44.90999984741211,44.959999084472656,0.0,3162200.0
2024-07-29,45.02000045776367,0.0,45.02000045776367,0.0,45.27999877929688,44.77000045776367,45.22999954223633,0.0,4750000.0
2024-07-30,45.4900016784668,0.0,45.4900016784668,0.0,45.560001373291016,45.040000915527344,45.2599983215332,0.0,4750300.0
2024-07-31,46.29999923706055,0.0,46.29999923706055,0.0,46.310001373291016,45.709999084472656,45.7400016784668,0.0,4986000.0
2024-08-01,46.13999938964844,0.0,46.13999938964844,0.0,46.5099983215332,45.9900016784668,46.34999847412109,0.0,5918200.0
2024-08-02,46.04999923706055,0.0,46.04999923706055,0.0,46.7599983215332,45.560001373291016,46.59999847412109,0.0,12300100.0
2024-08-05,45.47999954223633,0.0,45.47999954223633,0.0,45.59999847412109,45.02000045776367,45.09000015258789,0.0,11915400.0
2024-08-06,45.09999847412109,0.0,45.09999847412109,0.0,45.40999984741211,44.9900016784668,45.2599983215332,0.0,45584100.0
2024-08-07,45.060001373291016,0.0,45.060001373291016,0.0,45.43000030517578,45.040000915527344,45.36000061035156,0.0,3390600.0
2024-08-08,45.77000045776367,0.0,45.77000045776367,0.0,45.83000183105469,45.47999954223633,45.52999877929688,0.0,4847900.0
2024-08-09,45.88999938964844,0.0,45.88999938964844,0.0,46.040000915527344,45.7400016784668,45.93999862670898,0.0,4178400.0
2024-08-12,46.66999816894531,0.0,46.66999816894531,0.0,46.709999084472656,46.18000030517578,46.220001220703125,0.0,5027300.0
2024-08-13,46.59999847412109,0.0,46.59999847412109,0.0,46.77000045776367,46.52000045776367,46.61000061035156,0.0,10748800.0
2024-08-14,46.22999954223633,0.0,46.22999954223633,0.0,46.5,46.06999969482422,46.310001373291016,0.0,4835200.0
2024-08-15,46.369998931884766,0.0,46.369998931884766,0.0,46.5,46.02000045776367,46.290000915527344,0.0,3838900.0
2024-08-16,47.400001525878906,0.0,47.400001525878906,0.0,47.40999984741211,46.810001373291016,47.0099983215332,0.0,6205200.0
2024-08-19,47.34999847412109,0.0,47.34999847412109,0.0,47.369998931884766,46.959999084472656,47.040000915527344,0.0,3419500.0
2024-08-20,47.5099983215332,0.0,47.5099983215332,0.0,47.83000183105469,47.25,47.77999877929688,0.0,4954200.0
2024-08-21,47.459999084472656,0.0,47.459999084472656,0.0,47.59999847412109,47.119998931884766,47.36000061035156,0.0,4479600.0
2024-08-22,46.880001068115234,0.0,46.880001068115234,0.0,47.119998931884766,46.65999984741211,47.09000015258789,0.0,3331300.0
2024-08-23,47.43000030517578,0.0,47.43000030517578,0.0,47.56999969482422,47.119998931884766,47.220001220703125,0.0,4430400.0
2024-08-26,47.58000183105469,0.0,47.58000183105469,0.0,47.72999954223633,47.43999862670898,47.720001220703125,0.0,2274600.0
2024-08-27,47.709999084472656,0.0,47.709999084472656,0.0,47.720001220703125,47.34999847412109,47.36000061035156,0.0,3200300.0
2024-08-28,47.380001068115234,0.0,47.380001068115234,0.0,47.43000030517578,47.15999984741211,47.43000030517578,0.0,2355600.0
2024-08-29,47.619998931884766,0.0,47.619998931884766,0.0,47.7599983215332,47.40999984741211,47.40999984741211,0.0,3828200.0
2024-08-30,47.27999877929688,0.0,47.27999877929688,0.0,47.59999847412109,47.119998931884766,47.52000045776367,0.0,3464100.0
2024-09-03,47.09000015258789,0.0,47.09000015258789,0.0,47.130001068115234,46.720001220703125,47.09999847412109,0.0,4461300.0
2024-09-04,47.11000061035156,0.0,47.11000061035156,0.0,47.22999954223633,46.88999938964844,46.959999084472656,0.0,5054200.0
2024-09-05,47.5099983215332,0.0,47.5099983215332,0.0,47.61000061035156,47.290000915527344,47.56999969482422,0.0,3715600.0
2024-09-06,47.150001525878906,0.0,47.150001525878906,0.0,47.56999969482422,46.93999862670898,47.38999938964844,0.0,5270500.0
2024-09-09,47.34999847412109,0.0,47.34999847412109,0.0,47.34999847412109,47.09999847412109,47.27000045776367,0.0,2557500.0
2024-09-10,47.54999923706055,0.0,47.54999923706055,0.0,47.58000183105469,47.25,47.5,0.0,2278300.0
2024-09-11,47.47999954223633,0.0,47.47999954223633,0.0,47.59999847412109,47.2400016784668,47.369998931884766,0.0,3426500.0
2024-09-12,48.31999969482422,0.0,48.31999969482422,0.0,48.33000183105469,47.91999816894531,47.970001220703125,0.0,4597400.0
2024-09-13,48.79999923706055,0.0,48.79999923706055,0.0,48.84999847412109,48.59999847412109,48.68000030517578,0.0,4379600.0
2024-09-16,48.77000045776367,0.0,48.77000045776367,0.0,48.90999984741211,48.65999984741211,48.810001373291016,0.0,1916500.0
2024-09-17,48.52999877929688,0.0,48.52999877929688,0.0,48.77999877929688,48.380001068115234,48.68000030517578,0.0,3053600.0
2024-09-18,48.150001525878906,0.0,48.150001525878906,0.0,49.119998931884766,48.11000061035156,48.68000030517578,0.0,9193200.0
2024-09-19,48.88999938964844,0.0,48.88999938964844,0.0,48.959999084472656,48.52999877929688,48.70000076293945,0.0,5405800.0
2024-09-20,49.52000045776367,0.0,49.52000045776367,0.0,49.59999847412109,49.16999816894531,49.290000915527344,0.0,5577800.0
2024-09-23,49.59999847412109,0.0,49.59999847412109,0.0,49.77999877929688,49.59000015258789,49.68000030517578,0.0,3479200.0
2024-09-24,50.310001373291016,0.0,50.310001373291016,0.0,50.34000015258789,49.709999084472656,49.7599983215332,0.0,5322700.0
2024-09-25,50.25,0.0,50.25,0.0,50.38999938964844,50.04999923706055,50.33000183105469,0.0,4024300.0
2024-09-26,50.5,0.0,50.5,0.0,50.56999969482422,50.13999938964844,50.38999938964844,0.0,3965300.0
2024-09-27,50.09000015258789,0.0,50.09000015258789,0.0,50.43999862670898,49.91999816894531,50.36000061035156,0.0,9018200.0
2024-09-30,49.70000076293945,0.0,49.70000076293945,0.0,49.900001525878906,49.58000183105469,49.88999938964844,0.0,4001500.0
2024-10-01,50.209999084472656,0.0,50.209999084472656,0.0,50.4900016784668,50.09999847412109,50.13999938964844,0.0,6266900.0
2024-10-02,50.220001220703125,0.0,50.220001220703125,0.0,50.29999923706055,49.880001068115234,50.209999084472656,0.0,8670400.0
2024-10-03,50.20000076293945,0.0,50.20000076293945,0.0,50.27999877929688,49.81999969482422,50.02999877929688,0.0,8834200.0
2024-10-04,50.08000183105469,0.0,50.08000183105469,0.0,50.43000030517578,49.900001525878906,50.09000015258789,0.0,8654700.0
2024-10-07,49.91999816894531,0.0,49.91999816894531,0.0,50.060001373291016,49.84999847412109,50.0,0.0,2530100.0
2024-10-08,49.540000915527344,0.0,49.540000915527344,0.0,49.88999938964844,49.20000076293945,49.84000015258789,0.0,10629200.0
2024-10-09,49.27000045776367,0.0,49.27000045776367,0.0,49.43999862670898,49.20000076293945,49.310001373291016,0.0,3166800.0
2024-10-10,49.650001525878906,0.0,49.650001525878906,0.0,49.68999862670898,49.380001068115234,49.41999816894531,0.0,2936600.0
2024-10-11,50.15999984741211,0.0,50.15999984741211,0.0,50.27000045776367,49.97999954223633,50.0,0.0,2017700.0
2024-10-14,50.09999847412109,0.0,50.09999847412109,0.0,50.2599983215332,49.93000030517578,50.119998931884766,0.0,2166300.0
2024-10-15,50.27999877929688,0.0,50.27999877929688,0.0,50.40999984741211,50.0,50.09000015258789,0.0,2728800.0
2024-10-16,50.52999877929688,0.0,50.52999877929688,0.0,50.720001220703125,50.369998931884766,50.63999938964844,0.0,2245000.0
2024-10-17,50.84000015258789,0.0,50.84000015258789,0.0,50.91999816894531,50.630001068115234,50.65999984741211,0.0,4507200.0
2024-10-18,51.369998931884766,0.0,51.369998931884766,0.0,51.40999984741211,51.09999847412109,51.11000061035156,0.0,7175600.0
2024-10-21,51.380001068115234,0.0,51.380001068115234,0.0,51.7599983215332,51.27000045776367,51.68000030517578,0.0,6549300.0
2024-10-22,51.91999816894531,0.0,51.91999816894531,0.0,51.91999816894531,51.630001068115234,51.72999954223633,0.0,4308600.0
2024-10-23,51.290000915527344,0.0,51.290000915527344,0.0,51.7599983215332,51.150001525878906,51.75,0.0,5307800.0
2024-10-24,51.68000030517578,0.0,51.68000030517578,0.0,51.79999923706055,51.400001525878906,51.790000915527344,0.0,3483700.0
2024-10-25,51.79999923706055,0.0,51.79999923706055,0.0,51.84000015258789,51.47999954223633,51.540000915527344,0.0,2901100.0
2024-10-28,51.77999877929688,0.0,51.77999877929688,0.0,51.86000061035156,51.720001220703125,51.7400016784668,0.0,4269700.0
2024-10-29,52.36000061035156,0.0,52.36000061035156,0.0,52.400001525878906,51.97999954223633,52.02000045776367,0.0,9023700.0
2024-10-30,52.650001525878906,0.0,52.650001525878906,0.0,52.68999862670898,52.33000183105469,52.5,0.0,3386300.0
2024-10-31,51.84000015258789,0.0,51.84000015258789,0.0,52.2599983215332,51.56999969482422,52.25,0.0,11368200.0
2024-11-01,51.619998931884766,0.0,51.619998931884766,0.0,52.11000061035156,51.619998931884766,51.9900016784668,0.0,5835100.0
2024-11-04,51.70000076293945,0.0,51.70000076293945,0.0,51.84999847412109,51.59000015258789,51.79999923706055,0.0,3213100.0
2024-11-05,51.810001373291016,0.0,51.810001373291016,0.0,51.93000030517578,51.61000061035156,51.880001068115234,0.0,2337200.0
2024-11-06,50.22999954223633,0.0,50.22999954223633,0.0,50.56999969482422,50.08000183105469,50.220001220703125,0.0,10917700.0
2024-11-07,51.060001373291016,0.0,51.060001373291016,0.0,51.15999984741211,50.72999954223633,50.7599983215332,0.0,4299600.0
2024-11-08,50.70000076293945,0.0,50.70000076293945,0.0,50.9900016784668,50.65999984741211,50.91999816894531,0.0,27814500.0
2024-11-11,49.5099983215332,0.0,49.5099983215332,0.0,49.630001068115234,49.290000915527344,49.619998931884766,0.0,9869500.0
2024-11-12,49.08000183105469,0.0,49.08000183105469,0.0,49.40999984741211,48.959999084472656,49.34999847412109,0.0,7707100.0
2024-11-13,48.59000015258789,0.0,48.59000015258789,0.0,49.380001068115234,48.59000015258789,49.34000015258789,0.0,8931800.0
2024-11-14,48.459999084472656,0.0,48.459999084472656,0.0,48.65999984741211,48.290000915527344,48.380001068115234,0.0,6173000.0
2024-11-15,48.369998931884766,0.0,48.369998931884766,0.0,48.630001068115234,48.31999969482422,48.56999969482422,0.0,5204600.0
2024-11-18,49.290000915527344,0.0,49.290000915527344,0.0,49.380001068115234,49.15999984741211,49.15999984741211,0.0,5593000.0
2024-11-19,49.7400016784668,0.0,49.7400016784668,0.0,49.75,49.4900016784668,49.63999938964844,0.0,4858900.0
2024-11-20,50.02999877929688,0.0,50.02999877929688,0.0,50.13999938964844,49.790000915527344,49.83000183105469,0.0,4127900.0
2024-11-21,50.43999862670898,0.0,50.43999862670898,0.0,50.470001220703125,50.2400016784668,50.34999847412109,0.0,3074400.0
2024-11-22,51.08000183105469,0.0,51.08000183105469,0.0,51.20000076293945,50.68000030517578,50.75,0.0,4238800.0
2024-11-25,49.59000015258789,0.0,49.59000015258789,0.0,49.970001220703125,49.38999938964844,49.959999084472656,0.0,7724200.0
2024-11-26,49.68999862670898,0.0,49.68999862670898,0.0,49.709999084472656,49.400001525878906,49.63999938964844,0.0,4047700.0
2024-11-27,49.77999877929688,0.0,49.77999877929688,0.0,50.13999938964844,49.72999954223633,50.06999969482422,0.0,7452800.0
2024-11-29,50.25,0.0,50.25,0.0,50.2599983215332,50.04999923706055,50.150001525878906,0.0,2425500.0
2024-12-02,49.790000915527344,0.0,49.790000915527344,0.0,50.02000045776367,49.720001220703125,49.9900016784668,0.0,5103900.0
2024-12-03,49.88999938964844,0.0,49.88999938964844,0.0,50.13999938964844,49.7599983215332,50.09000015258789,0.0,3199000.0
2024-12-04,50.040000915527344,0.0,50.040000915527344,0.0,50.16999816894531,49.97999954223633,50.09000015258789,0.0,4012000.0
2024-12-05,49.66999816894531,0.0,49.66999816894531,0.0,49.97999954223633,49.52000045776367,49.93999862670898,0.0,3758900.0
2024-12-06,49.68000030517578,0.0,49.68000030517578,0.0,49.869998931884766,49.58000183105469,49.63999938964844,0.0,6142600.0
2024-12-09,50.16999816894531,0.0,50.16999816894531,0.0,50.52999877929688,50.15999984741211,50.380001068115234,0.0,4664100.0
2024-12-10,50.83000183105469,0.0,50.83000183105469,0.0,50.88999938964844,50.68000030517578,50.68000030517578,0.0,2917100.0
2024-12-11,51.29999923706055,0.0,51.29999923706055,0.0,51.380001068115234,50.90999984741211,50.9900016784668,0.0,7037100.0
2024-12-12,50.56999969482422,0.0,50.56999969482422,0.0,50.77000045776367,50.4900016784668,50.68999862670898,0.0,6261000.0
2024-12-13,49.97999954223633,0.0,49.97999954223633,0.0,50.29999923706055,49.95000076293945,50.2400016784668,0.0,5438400.0
2024-12-16,50.060001373291016,0.0,50.060001373291016,0.0,50.209999084472656,50.0099983215332,50.16999816894531,0.0,3704600.0
2024-12-17,49.90999984741211,0.0,49.90999984741211,0.0,50.0099983215332,49.7400016784668,49.86000061035156,0.0,4223700.0
2024-12-18,48.93000030517578,0.0,48.93000030517578,0.0,49.84000015258789,48.84000015258789,49.79999923706055,0.0,7227700.0
2024-12-19,49.0,0.0,49.0,0.0,49.09000015258789,48.83000183105469,49.0099983215332,0.0,3855400.0
2024-12-20,49.5,0.0,49.5,0.0,49.68000030517578,49.31999969482422,49.380001068115234,0.0,5019400.0
2024-12-23,49.27000045776367,0.0,49.27000045776367,0.0,49.41999816894531,49.209999084472656,49.40999984741211,0.0,4704500.0
2024-12-24,49.38999938964844,0.0,49.38999938964844,0.0,49.41999816894531,49.25,49.380001068115234,0.0,1216700.0
2024-12-26,49.720001220703125,0.0,49.720001220703125,0.0,49.810001373291016,49.52999877929688,49.58000183105469,0.0,2383900.0
2024-12-27,49.369998931884766,0.0,49.369998931884766,0.0,49.4900016784668,49.29999923706055,49.36000061035156,0.0,2654200.0
2024-12-30,49.220001220703125,0.0,49.220001220703125,0.0,49.29999923706055,49.0,49.29999923706055,0.0,2624600.0
2024-12-31,49.5099983215332,0.0,49.5099983215332,0.0,49.59999847412109,49.29999923706055,49.29999923706055,0.0,3248800.0
2025-01-02,50.18999862670898,0.0,50.18999862670898,0.0,50.220001220703125,49.91999816894531,49.95000076293945,0.0,4048400.0
2025-01-03,49.790000915527344,0.0,49.790000915527344,0.0,50.06999969482422,49.77999877929688,50.02000045776367,0.0,3330600.0
2025-01-06,49.7400016784668,0.0,49.7400016784668,0.0,49.86000061035156,49.5099983215332,49.560001373291016,0.0,3789000.0
2025-01-07,50.0099983215332,0.0,50.0099983215332,0.0,50.27000045776367,49.880001068115234,50.209999084472656,0.0,5951900.0
2025-01-08,50.290000915527344,0.0,50.290000915527344,0.0,50.40999984741211,50.0099983215332,50.25,0.0,4796300.0
2025-01-10,50.77999877929688,0.0,50.77999877929688,0.0,50.93000030517578,50.630001068115234,50.7400016784668,0.0,10078700.0
2025-01-13,50.25,0.0,50.25,0.0,50.47999954223633,50.13999938964844,50.369998931884766,0.0,4420500.0
2025-01-14,50.52999877929688,0.0,50.52999877929688,0.0,50.52999877929688,50.209999084472656,50.209999084472656,0.0,2558600.0
2025-01-15,50.90999984741211,0.0,50.90999984741211,0.0,50.90999984741211,50.52999877929688,50.77999877929688,0.0,5123900.0
2025-01-16,51.25,0.0,51.25,0.0,51.41999816894531,51.18999862670898,51.25,0.0,6770500.0
2025-01-17,50.9900016784668,0.0,50.9900016784668,0.0,51.29999923706055,50.959999084472656,51.060001373291016,0.0,4246100.0
2025-01-21,51.75,0.0,51.75,0.0,51.83000183105469,51.52000045776367,51.54999923706055,0.0,5817000.0
2025-01-22,52.02999877929688,0.0,52.02999877929688,0.0,52.09999847412109,51.90999984741211,52.0099983215332,0.0,4875700.0
2025-01-23,51.97999954223633,0.0,51.97999954223633,0.0,52.08000183105469,51.709999084472656,51.790000915527344,0.0,4447400.0
2025-01-24,52.310001373291016,0.0,52.310001373291016,0.0,52.58000183105469,52.27999877929688,52.34999847412109,0.0,4306100.0
2025-01-27,51.7599983215332,0.0,51.7599983215332,0.0,52.0,51.52000045776367,51.90999984741211,0.0,6761900.0
2025-01-28,52.18000030517578,0.0,52.18000030517578,0.0,52.18999862670898,51.91999816894531,51.97999954223633,0.0,5485900.0
2025-01-29,52.0,0.0,52.0,0.0,52.11000061035156,51.810001373291016,52.040000915527344,0.0,5875600.0
2025-01-30,52.7599983215332,0.0,52.7599983215332,0.0,52.810001373291016,52.459999084472656,52.59000015258789,0.0,7054900.0
2025-01-31,52.869998931884766,0.0,52.869998931884766,0.0,53.18000030517578,52.7400016784668,52.9900016784668,0.0,6724300.0
2025-02-03,53.16999816894531,0.0,53.16999816894531,0.0,53.43999862670898,53.09000015258789,53.130001068115234,0.0,9447800.0
2025-02-04,53.68999862670898,0.0,53.68999862670898,0.0,53.68999862670898,53.459999084472656,53.54999923706055,0.0,5745200.0
2025-02-05,54.02000045776367,0.0,54.02000045776367,0.0,54.400001525878906,53.9900016784668,54.08000183105469,0.0,9173700.0
2025-02-06,53.88999938964844,0.0,53.88999938964844,0.0,53.93999862670898,53.47999954223633,53.93000030517578,0.0,5222300.0
2025-02-07,53.970001220703125,0.0,53.970001220703125,0.0,54.47999954223633,53.83000183105469,54.22999954223633,0.0,8020200.0
2025-02-10,54.880001068115234,0.0,54.880001068115234,0.0,54.95000076293945,54.66999816894531,54.83000183105469,0.0,10280900.0
2025-02-11,54.68999862670898,0.0,54.68999862670898,0.0,54.880001068115234,54.560001373291016,54.7599983215332,0.0,6019900.0
2025-02-12,54.75,0.0,54.75,0.0,54.90999984741211,54.47999954223633,54.650001525878906,0.0,7051000.0
2025-02-13,55.27999877929688,0.0,55.27999877929688,0.0,55.29999923706055,54.869998931884766,54.88999938964844,0.0,4307200.0
2025-02-14,54.459999084472656,0.0,54.459999084472656,0.0,55.27000045776367,54.29999923706055,55.2400016784668,0.0,5884600.0
2025-02-18,55.369998931884766,0.0,55.369998931884766,0.0,55.43999862670898,55.150001525878906,55.15999984741211,0.0,5334100.0
2025-02-19,55.41999816894531,0.0,55.41999816894531,0.0,55.4900016784668,55.08000183105469,55.369998931884766,0.0,4368700.0
2025-02-20,55.43999862670898,0.0,55.43999862670898,0.0,55.59999847412109,55.27000045776367,55.27999877929688,0.0,3571300.0
2025-02-21,55.38999938964844,0.0,55.38999938964844,0.0,55.540000915527344,55.13999938964844,55.380001068115234,0.0,6585900.0
2025-02-24,55.68000030517578,0.0,55.68000030517578,0.0,55.70000076293945,55.310001373291016,55.52000045776367,0.0,4927900.0
2025-02-25,54.970001220703125,0.0,54.970001220703125,0.0,55.56999969482422,54.5,55.52999877929688,0.0,8801200.0
2025-02-26,55.040000915527344,0.0,55.040000915527344,0.0,55.04999923706055,54.560001373291016,54.63999938964844,0.0,5220700.0
2025-02-27,54.20000076293945,0.0,54.20000076293945,0.0,54.560001373291016,54.09999847412109,54.52000045776367,0.0,25891400.0
2025-02-28,53.869998931884766,0.0,53.869998931884766,0.0,53.88999938964844,53.43999862670898,53.70000076293945,0.0,10115800.0
2025-03-03,54.56999969482422,0.0,54.56999969482422,0.0,54.59999847412109,54.20000076293945,54.22999954223633,0.0,7463000.0
2025-03-04,55.040000915527344,0.0,55.040000915527344,0.0,55.11000061035156,54.72999954223633,55.04999923706055,0.0,12685800.0
2025-03-05,55.16999816894531,0.0,55.16999816894531,0.0,55.290000915527344,54.81999969482422,54.81999969482422,0.0,7395200.0
2025-03-06,54.869998931884766,0.0,54.869998931884766,0.0,55.130001068115234,54.869998931884766,54.869998931884766,0.0,5236500.0
2025-03-07,54.90999984741211,0.0,54.90999984741211,0.0,55.29999923706055,54.77000045776367,55.040000915527344,0.0,6019100.0
2025-03-10,54.43000030517578,0.0,54.43000030517578,0.0,54.91999816894531,54.34000015258789,54.75,0.0,8597200.0
2025-03-11,55.06999969482422,0.0,55.06999969482422,0.0,55.13999938964844,54.91999816894531,54.93999862670898,0.0,8303600.0
2025-03-12,55.29999923706055,0.0,55.29999923706055,0.0,55.4900016784668,54.900001525878906,54.93000030517578,0.0,12694100.0
2025-03-13,56.27000045776367,0.0,56.27000045776367,0.0,56.33000183105469,55.560001373291016,55.56999969482422,0.0,12053400.0
2025-03-14,56.290000915527344,0.0,56.290000915527344,0.0,56.52999877929688,56.18999862670898,56.52000045776367,0.0,5274100.0
2025-03-17,56.619998931884766,0.0,56.619998931884766,0.0,56.630001068115234,56.34999847412109,56.369998931884766,0.0,4505500.0
2025-03-18,57.27000045776367,0.0,57.27000045776367,0.0,57.33000183105469,57.06999969482422,57.27999877929688,0.0,6110100.0
2025-03-19,57.5099983215332,0.0,57.5099983215332,0.0,57.59000015258789,57.09000015258789,57.27000045776367,0.0,5683800.0
2025-03-20,57.43999862670898,0.0,57.43999862670898,0.0,57.470001220703125,57.15999984741211,57.18000030517578,0.0,5281800.0
2025-03-21,56.970001220703125,0.0,56.970001220703125,0.0,57.15999984741211,56.59000015258789,57.13999938964844,0.0,5562200.0
2025-03-24,56.70000076293945,0.0,56.70000076293945,0.0,57.09000015258789,56.630001068115234,57.040000915527344,0.0,5024500.0
2025-03-25,56.9900016784668,0.0,56.9900016784668,0.0,57.27000045776367,56.93000030517578,57.02000045776367,0.0,2805200.0
2025-03-26,56.91999816894531,0.0,56.91999816894531,0.0,57.09000015258789,56.84000015258789,57.06999969482422,0.0,2367200.0
2025-03-27,57.68000030517578,0.0,57.68000030517578,0.0,57.709999084472656,57.20000076293945,57.380001068115234,0.0,5245500.0
2025-03-28,58.130001068115234,0.0,58.130001068115234,0.0,58.2400016784668,57.869998931884766,58.04999923706055,0.0,5060900.0
2025-03-31,58.959999084472656,0.0,58.959999084472656,0.0,59.0,58.4900016784668,58.83000183105469,0.0,9362300.0
2025-04-01,58.86000061035156,0.0,58.86000061035156,0.0,59.150001525878906,58.5,59.04999923706055,0.0,13282000.0
2025-04-02,58.95000076293945,0.0,58.95000076293945,0.0,59.13999938964844,58.79999923706055,58.970001220703125,0.0,6634500.0
2025-04-03,58.59999847412109,0.0,58.59999847412109,0.0,59.13999938964844,57.790000915527344,57.84999847412109,0.0,12148800.0
2025-04-04,57.2599983215332,0.0,57.2599983215332,0.0,58.11000061035156,56.88999938964844,58.02999877929688,0.0,16907900.0
2025-04-07,56.09999847412109,0.0,56.09999847412109,0.0,57.29999923706055,55.77999877929688,57.040000915527344,0.0,16100500.0
2025-04-08,56.310001373291016,0.0,56.310001373291016,0.0,56.93000030517578,56.11000061035156,56.84999847412109,0.0,11423300.0
2025-04-09,58.380001068115234,0.0,58.380001068115234,0.0,58.47999954223633,57.5,57.7400016784668,0.0,19134300.0
2025-04-10,59.810001373291016,0.0,59.810001373291016,0.0,59.91999816894531,58.77999877929688,59.09999847412109,0.0,10539300.0
2025-04-11,60.959999084472656,0.0,60.959999084472656,0.0,61.220001220703125,60.72999954223633,60.95000076293945,0.0,10467200.0
2025-04-14,60.59000015258789,0.0,60.59000015258789,0.0,60.68999862670898,60.2599983215332,60.45000076293945,0.0,13329800.0
2025-04-15,60.93999862670898,0.0,60.93999862670898,0.0,60.97999954223633,60.58000183105469,60.7599983215332,0.0,4791500.0
2025-04-16,62.93000030517578,0.0,62.93000030517578,0.0,63.02999877929688,62.15999984741211,62.33000183105469,0.0,11711500.0
2025-04-17,62.630001068115234,0.0,62.630001068115234,0.0,62.84999847412109,61.93999862670898,62.68000030517578,0.0,7497700.0
2025-04-21,64.58999633789062,0.0,64.58999633789062,0.0,64.72000122070312,64.23999786376953,64.47000122070312,0.0,11458600.0
2025-04-22,63.65999984741211,0.0,63.65999984741211,0.0,64.9800033569336,63.5,64.97000122070312,0.0,21160500.0
2025-04-23,62.119998931884766,0.0,62.119998931884766,0.0,62.34000015258789,61.4900016784668,62.22999954223633,0.0,20124300.0
2025-04-24,63.040000915527344,0.0,63.040000915527344,0.0,63.119998931884766,62.34999847412109,62.810001373291016,0.0,8467200.0
2025-04-25,62.34000015258789,0.0,62.34000015258789,0.0,62.47999954223633,61.58000183105469,61.7599983215332,0.0,7890000.0
2025-04-28,63.22999954223633,0.0,63.22999954223633,0.0,63.25,62.0,62.2400016784668,0.0,7891500.0
2025-04-29,62.63999938964844,0.0,62.63999938964844,0.0,62.79999923706055,62.2400016784668,62.58000183105469,0.0,7537600.0
2025-04-30,62.16999816894531,0.0,62.16999816894531,0.0,62.619998931884766,62.09000015258789,62.34000015258789,0.0,8244800.0
2025-05-01,60.86000061035156,0.0,60.86000061035156,0.0,60.959999084472656,60.43000030517578,60.84999847412109,0.0,8240100.0
